2026-03-31 01:02:34,657 [INFO] Activator:176 - 


2026-03-31 01:02:34,668 [INFO] Activator:177 - !SESSION log4j initialized
2026-03-31 01:02:48,422 [INFO] LogOutputStream:77 - [STDOUT_REDIRECT] 
2026-03-31 01:02:49,275 [INFO] ApplicationProperties:184 - Using Application install path: D:\STM32CubeIDE_1.19.0\STM32CubeIDE\plugins\com.st.stm32cube.common.mx_6.15.0.202507011659
2026-03-31 01:02:49,314 [INFO] DbMcusXml:78 - Set database path to: D:\STM32CubeIDE_1.19.0\STM32CubeIDE\plugins\com.st.stm32cube.common.mx_6.15.0.202507011659\\db\/mcu/
2026-03-31 01:02:49,314 [INFO] ApiDb:274 - Set plugin database path to: D:\STM32CubeIDE_1.19.0\STM32CubeIDE\plugins\com.st.stm32cube.common.mx_6.15.0.202507011659\\db\/plugins/boardmanager/
2026-03-31 01:02:49,315 [WARN] ApiDb:259 - Overriding images path with different value:  => D:\STM32CubeIDE_1.19.0\STM32CubeIDE\plugins\com.st.stm32cube.common.mx_6.15.0.202507011659\\db\/plugins/mcufinder/images/
2026-03-31 01:02:49,328 [INFO] ApiDb:250 - Set database path to: C:\Users\User\.stmcufinder\plugins\mcufinder//mcu/
2026-03-31 01:02:49,331 [INFO] DbMcusAds:125 - Set database path to: C:\Users\User\.stmcufinder\plugins\mcufinder//mcu/
2026-03-31 01:02:49,336 [INFO] CrossReferenceDbSqlite:203 - Set database path to: C:\Users\User\.stmcufinder\plugins\mcufinder//mcu/cs/
2026-03-31 01:02:49,478 [INFO] RulesReader:64 - Compatibility file has been processed (317 Rules)
2026-03-31 01:02:49,632 [INFO] DbMcusXml:78 - Set database path to: D:\STM32CubeIDE_1.19.0\STM32CubeIDE\plugins\com.st.stm32cube.common.mx_6.15.0.202507011659\\db\/mcu/
2026-03-31 01:02:49,632 [INFO] ApiDb:274 - Set plugin database path to: D:\STM32CubeIDE_1.19.0\STM32CubeIDE\plugins\com.st.stm32cube.common.mx_6.15.0.202507011659\\db\/plugins/boardmanager/
2026-03-31 01:02:49,632 [INFO] ApiDb:261 - Set plugin images path to: D:\STM32CubeIDE_1.19.0\STM32CubeIDE\plugins\com.st.stm32cube.common.mx_6.15.0.202507011659\\db\/plugins/mcufinder/images/
2026-03-31 01:02:49,632 [WARN] DbFile:41 - Overriding database path with different value: C:\Users\User\.stmcufinder\plugins\mcufinder/ => C:\Users\User\.stmcufinder\plugins\mcufinder
2026-03-31 01:02:49,633 [INFO] ApiDb:250 - Set database path to: C:\Users\User\.stmcufinder\plugins\mcufinder//mcu/
2026-03-31 01:02:49,633 [WARN] DbFile:41 - Overriding database path with different value: C:\Users\User\.stmcufinder\plugins\mcufinder/ => C:\Users\User\.stmcufinder\plugins\mcufinder
2026-03-31 01:02:49,633 [INFO] DbMcusAds:125 - Set database path to: C:\Users\User\.stmcufinder\plugins\mcufinder//mcu/
2026-03-31 01:02:49,633 [WARN] DbFile:41 - Overriding database path with different value: C:\Users\User\.stmcufinder\plugins\mcufinder/ => C:\Users\User\.stmcufinder\plugins\mcufinder
2026-03-31 01:02:49,633 [WARN] DbFile:41 - Overriding database path with different value: C:\Users\User\.stmcufinder\plugins\mcufinder/ => C:\Users\User\.stmcufinder\plugins\mcufinder
2026-03-31 01:02:49,633 [INFO] CrossReferenceDbSqlite:203 - Set database path to: C:\Users\User\.stmcufinder\plugins\mcufinder//mcu/cs/
2026-03-31 01:02:49,760 [INFO] MainPanel:274 - HeapMemory: 268435456
2026-03-31 01:02:49,934 [INFO] DbMcusXml:78 - Set database path to: D:\STM32CubeIDE_1.19.0\STM32CubeIDE\plugins\com.st.stm32cube.common.mx_6.15.0.202507011659\\db\/mcu/
2026-03-31 01:02:49,934 [INFO] ApiDb:274 - Set plugin database path to: D:\STM32CubeIDE_1.19.0\STM32CubeIDE\plugins\com.st.stm32cube.common.mx_6.15.0.202507011659\\db\/plugins/boardmanager/
2026-03-31 01:02:49,934 [INFO] ApiDb:261 - Set plugin images path to: D:\STM32CubeIDE_1.19.0\STM32CubeIDE\plugins\com.st.stm32cube.common.mx_6.15.0.202507011659\\db\/plugins/mcufinder/images/
2026-03-31 01:02:49,935 [WARN] DbFile:41 - Overriding database path with different value: C:\Users\User\.stmcufinder\plugins\mcufinder/ => C:\Users\User\.stmcufinder\plugins\mcufinder
2026-03-31 01:02:49,935 [INFO] ApiDb:250 - Set database path to: C:\Users\User\.stmcufinder\plugins\mcufinder//mcu/
2026-03-31 01:02:49,935 [WARN] DbFile:41 - Overriding database path with different value: C:\Users\User\.stmcufinder\plugins\mcufinder/ => C:\Users\User\.stmcufinder\plugins\mcufinder
2026-03-31 01:02:49,935 [INFO] DbMcusAds:125 - Set database path to: C:\Users\User\.stmcufinder\plugins\mcufinder//mcu/
2026-03-31 01:02:49,935 [WARN] DbFile:41 - Overriding database path with different value: C:\Users\User\.stmcufinder\plugins\mcufinder/ => C:\Users\User\.stmcufinder\plugins\mcufinder
2026-03-31 01:02:49,935 [WARN] DbFile:41 - Overriding database path with different value: C:\Users\User\.stmcufinder\plugins\mcufinder/ => C:\Users\User\.stmcufinder\plugins\mcufinder
2026-03-31 01:02:49,935 [INFO] CrossReferenceDbSqlite:203 - Set database path to: C:\Users\User\.stmcufinder\plugins\mcufinder//mcu/cs/
2026-03-31 01:02:49,960 [INFO] ApplicationProperties:184 - Using Application install path: D:\STM32CubeIDE_1.19.0\STM32CubeIDE\plugins\com.st.stm32cube.common.mx_6.15.0.202507011659
2026-03-31 01:02:49,962 [INFO] PluginManage:196 - Search for loadable plugins [exclusion list=, ]
2026-03-31 01:02:49,964 [INFO] PluginManage:310 - Check plugin analytics
2026-03-31 01:02:50,191 [INFO] AnalyticsPlugin:253 - Accepted Software Licenses: 
2026-03-31 01:02:50,191 [INFO] AnalyticsPlugin:255 - Accepted CMSIS Pack Licenses: 
2026-03-31 01:02:50,191 [INFO] AnalyticsPlugin:257 - Accepted Firmware Licenses: FW.F4.1.28.0
2026-03-31 01:02:50,193 [INFO] PluginManage:359 - Loaded plugin analytics (category:tool,tabindex:-1)
2026-03-31 01:02:50,194 [INFO] PluginManage:310 - Check plugin cadmodel
2026-03-31 01:02:50,207 [INFO] CADModel:105 - Init CAD model plugin
2026-03-31 01:02:50,208 [INFO] PluginManage:359 - Loaded plugin cadmodel (category:power,tabindex:5)
2026-03-31 01:02:50,208 [INFO] PluginManage:310 - Check plugin clock
2026-03-31 01:02:50,225 [INFO] PluginManage:359 - Loaded plugin clock (category:base,tabindex:2)
2026-03-31 01:02:50,225 [INFO] PluginManage:310 - Check plugin ddr
2026-03-31 01:02:50,230 [INFO] PluginManage:359 - Loaded plugin ddr (category:tool,tabindex:6)
2026-03-31 01:02:50,231 [INFO] PluginManage:310 - Check plugin filemanager
2026-03-31 01:02:50,443 [INFO] PluginManage:359 - Loaded plugin filemanager (category:base,tabindex:10)
2026-03-31 01:02:50,443 [INFO] PluginManage:310 - Check plugin ipmanager
2026-03-31 01:02:50,457 [INFO] PluginManage:359 - Loaded plugin ipmanager (category:base,tabindex:5)
2026-03-31 01:02:50,457 [INFO] PluginManage:310 - Check plugin lpbam
2026-03-31 01:02:50,471 [INFO] PluginManage:359 - Loaded plugin lpbam (category:base,tabindex:0)
2026-03-31 01:02:50,471 [INFO] PluginManage:310 - Check plugin memorymap
2026-03-31 01:02:50,495 [INFO] PluginManage:359 - Loaded plugin memorymap (category:base,tabindex:4)
2026-03-31 01:02:50,495 [INFO] PluginManage:310 - Check plugin pinoutandconfiguration
2026-03-31 01:02:50,510 [INFO] PluginManage:359 - Loaded plugin pinoutandconfiguration (category:base,tabindex:1)
2026-03-31 01:02:50,510 [INFO] PluginManage:310 - Check plugin pinoutconfig
2026-03-31 01:02:50,638 [WARN] SupportedApi:132 - Cannot load RTOS API schema: s4s-elt-must-match.1: The content of 'definitions' must match (annotation?, (simpleType | complexType)?, (unique | key | keyref)*)). A problem was found starting at: attribute.
2026-03-31 01:02:50,863 [INFO] PluginManage:359 - Loaded plugin pinoutconfig (category:base,tabindex:0)
2026-03-31 01:02:50,865 [INFO] PluginManage:310 - Check plugin power
2026-03-31 01:02:50,882 [INFO] PluginManage:359 - Loaded plugin power (category:power,tabindex:4)
2026-03-31 01:02:50,882 [INFO] PluginManage:310 - Check plugin projectmanager
2026-03-31 01:02:50,911 [INFO] PluginManage:359 - Loaded plugin projectmanager (category:projectmanager,tabindex:4)
2026-03-31 01:02:50,911 [INFO] PluginManage:310 - Check plugin rif
2026-03-31 01:02:50,926 [INFO] PluginManage:359 - Loaded plugin rif (category:base,tabindex:3)
2026-03-31 01:02:50,926 [INFO] PluginManage:310 - Check plugin thirdparty
2026-03-31 01:02:51,225 [INFO] PluginManage:359 - Loaded plugin thirdparty (category:base,tabindex:-1)
2026-03-31 01:02:51,224 [WARN] IntegrityCheckThread:84 - waiting for thirdparty lock release [integrity check]
2026-03-31 01:02:51,225 [INFO] PluginManage:310 - Check plugin tools
2026-03-31 01:02:51,226 [INFO] IntegrityCheckThread:86 - entering critical section [integrity check]
2026-03-31 01:02:51,227 [INFO] ThirdPartyUpdaterWithRetryManager:70 - Updater plugin not ready yet. [1/15]
2026-03-31 01:02:51,238 [INFO] PluginManage:359 - Loaded plugin tools (category:base,tabindex:7)
2026-03-31 01:02:51,238 [INFO] PluginManage:310 - Check plugin tutovideos
2026-03-31 01:02:51,671 [INFO] PluginManage:359 - Loaded plugin tutovideos (category:base,tabindex:-1)
2026-03-31 01:02:51,671 [INFO] PluginManage:310 - Check plugin updater
2026-03-31 01:02:51,701 [INFO] PluginManage:359 - Loaded plugin updater (category:base,tabindex:12)
2026-03-31 01:02:51,701 [INFO] PluginManage:310 - Check plugin userauth
2026-03-31 01:02:51,708 [INFO] UserAuth:118 - Init User Auth plugin
2026-03-31 01:02:51,709 [INFO] PluginManage:359 - Loaded plugin userauth (category:base,tabindex:14)
2026-03-31 01:02:51,710 [INFO] PluginManage:283 - PluginManage : Loaded plugins [18]
2026-03-31 01:02:52,136 [INFO] PinOutPanel:1589 - setPackage(No Configuration,No Configuration)
2026-03-31 01:02:52,268 [INFO] CADModel:165 - CPN selected for project level
2026-03-31 01:02:52,268 [INFO] CADModel:114 - Register for checkConnection events
2026-03-31 01:02:52,292 [INFO] IPUIPlugin:80 - create IPUIPlugin
2026-03-31 01:02:52,293 [INFO] PluginManager:220 - loadIPPluginJar : add adc
2026-03-31 01:02:52,296 [INFO] IPUIPlugin:80 - create IPUIPlugin
2026-03-31 01:02:52,296 [INFO] PluginManager:220 - loadIPPluginJar : add aes
2026-03-31 01:02:52,301 [INFO] IPUIPlugin:80 - create IPUIPlugin
2026-03-31 01:02:52,301 [INFO] PluginManager:220 - loadIPPluginJar : add can
2026-03-31 01:02:52,303 [INFO] IPUIPlugin:80 - create IPUIPlugin
2026-03-31 01:02:52,303 [INFO] PluginManager:220 - loadIPPluginJar : add comp
2026-03-31 01:02:52,306 [INFO] IPUIPlugin:80 - create IPUIPlugin
2026-03-31 01:02:52,306 [INFO] PluginManager:220 - loadIPPluginJar : add cryp
2026-03-31 01:02:52,312 [INFO] IPUIPlugin:80 - create IPUIPlugin
2026-03-31 01:02:52,312 [INFO] PluginManager:220 - loadIPPluginJar : add ddr_ctrl_phy
2026-03-31 01:02:52,315 [INFO] IPUIPlugin:80 - create IPUIPlugin
2026-03-31 01:02:52,315 [INFO] PluginManager:220 - loadIPPluginJar : add dfsdm
2026-03-31 01:02:52,321 [INFO] IPUIPlugin:80 - create IPUIPlugin
2026-03-31 01:02:52,321 [INFO] PluginManager:220 - loadIPPluginJar : add dma
2026-03-31 01:02:52,326 [INFO] IPUIPlugin:80 - create IPUIPlugin
2026-03-31 01:02:52,326 [INFO] PluginManager:220 - loadIPPluginJar : add dma3
2026-03-31 01:02:52,330 [INFO] IPUIPlugin:80 - create IPUIPlugin
2026-03-31 01:02:52,330 [INFO] PluginManager:220 - loadIPPluginJar : add extmemmanager
2026-03-31 01:02:52,332 [INFO] IPUIPlugin:80 - create IPUIPlugin
2026-03-31 01:02:52,332 [INFO] PluginManager:220 - loadIPPluginJar : add fatfs
2026-03-31 01:02:52,339 [INFO] IPUIPlugin:80 - create IPUIPlugin
2026-03-31 01:02:52,341 [INFO] PluginManager:220 - loadIPPluginJar : add fmc
2026-03-31 01:02:52,359 [INFO] IPUIPlugin:80 - create IPUIPlugin
2026-03-31 01:02:52,359 [INFO] PluginManager:220 - loadIPPluginJar : add freertos
2026-03-31 01:02:52,361 [INFO] IPUIPlugin:80 - create IPUIPlugin
2026-03-31 01:02:52,361 [INFO] PluginManager:220 - loadIPPluginJar : add genericplugin
2026-03-31 01:02:52,365 [INFO] IPUIPlugin:80 - create IPUIPlugin
2026-03-31 01:02:52,365 [INFO] PluginManager:220 - loadIPPluginJar : add gfxmmu
2026-03-31 01:02:52,372 [INFO] IPUIPlugin:80 - create IPUIPlugin
2026-03-31 01:02:52,372 [INFO] PluginManager:220 - loadIPPluginJar : add gic
2026-03-31 01:02:52,377 [INFO] IPUIPlugin:80 - create IPUIPlugin
2026-03-31 01:02:52,377 [INFO] PluginManager:220 - loadIPPluginJar : add gpio
2026-03-31 01:02:52,381 [INFO] IPUIPlugin:80 - create IPUIPlugin
2026-03-31 01:02:52,381 [INFO] PluginManager:220 - loadIPPluginJar : add gtzc
2026-03-31 01:02:52,384 [INFO] IPUIPlugin:80 - create IPUIPlugin
2026-03-31 01:02:52,386 [INFO] PluginManager:220 - loadIPPluginJar : add hash
2026-03-31 01:02:52,388 [INFO] IPUIPlugin:80 - create IPUIPlugin
2026-03-31 01:02:52,388 [INFO] PluginManager:220 - loadIPPluginJar : add i2c
2026-03-31 01:02:52,392 [INFO] IPUIPlugin:80 - create IPUIPlugin
2026-03-31 01:02:52,392 [INFO] PluginManager:220 - loadIPPluginJar : add i2s
2026-03-31 01:02:52,396 [INFO] IPUIPlugin:80 - create IPUIPlugin
2026-03-31 01:02:52,396 [INFO] PluginManager:220 - loadIPPluginJar : add i3c
2026-03-31 01:02:52,401 [INFO] IPUIPlugin:80 - create IPUIPlugin
2026-03-31 01:02:52,401 [INFO] PluginManager:220 - loadIPPluginJar : add ipddr
2026-03-31 01:02:52,407 [INFO] IPUIPlugin:80 - create IPUIPlugin
2026-03-31 01:02:52,409 [INFO] PluginManager:220 - loadIPPluginJar : add linkedlist
2026-03-31 01:02:52,413 [INFO] IPUIPlugin:80 - create IPUIPlugin
2026-03-31 01:02:52,413 [INFO] PluginManager:220 - loadIPPluginJar : add lorawan
2026-03-31 01:02:52,416 [INFO] IPUIPlugin:80 - create IPUIPlugin
2026-03-31 01:02:52,417 [INFO] PluginManager:220 - loadIPPluginJar : add ltdc
2026-03-31 01:02:52,424 [INFO] IPUIPlugin:80 - create IPUIPlugin
2026-03-31 01:02:52,424 [INFO] PluginManager:220 - loadIPPluginJar : add mdma
2026-03-31 01:02:52,428 [INFO] IPUIPlugin:80 - create IPUIPlugin
2026-03-31 01:02:52,428 [INFO] PluginManager:220 - loadIPPluginJar : add nvic
2026-03-31 01:02:52,434 [INFO] IPUIPlugin:80 - create IPUIPlugin
2026-03-31 01:02:52,434 [INFO] PluginManager:220 - loadIPPluginJar : add opamp
2026-03-31 01:02:52,439 [INFO] IPUIPlugin:80 - create IPUIPlugin
2026-03-31 01:02:52,439 [INFO] PluginManager:220 - loadIPPluginJar : add openamp
2026-03-31 01:02:52,446 [INFO] IPUIPlugin:80 - create IPUIPlugin
2026-03-31 01:02:52,447 [INFO] PluginManager:220 - loadIPPluginJar : add pdm2pcm
2026-03-31 01:02:52,455 [INFO] IPUIPlugin:80 - create IPUIPlugin
2026-03-31 01:02:52,458 [INFO] PluginManager:220 - loadIPPluginJar : add plateformsettings
2026-03-31 01:02:52,461 [INFO] IPUIPlugin:80 - create IPUIPlugin
2026-03-31 01:02:52,461 [INFO] PluginManager:220 - loadIPPluginJar : add quadspi
2026-03-31 01:02:52,464 [INFO] IPUIPlugin:80 - create IPUIPlugin
2026-03-31 01:02:52,465 [INFO] PluginManager:220 - loadIPPluginJar : add radio
2026-03-31 01:02:52,470 [INFO] IPUIPlugin:80 - create IPUIPlugin
2026-03-31 01:02:52,470 [INFO] PluginManager:220 - loadIPPluginJar : add resmgrutility
2026-03-31 01:02:52,476 [INFO] IPUIPlugin:80 - create IPUIPlugin
2026-03-31 01:02:52,476 [INFO] PluginManager:220 - loadIPPluginJar : add sai
2026-03-31 01:02:52,481 [INFO] IPUIPlugin:80 - create IPUIPlugin
2026-03-31 01:02:52,481 [INFO] PluginManager:220 - loadIPPluginJar : add spi
2026-03-31 01:02:52,490 [INFO] IPUIPlugin:80 - create IPUIPlugin
2026-03-31 01:02:52,490 [INFO] PluginManager:220 - loadIPPluginJar : add stm32_wpan
2026-03-31 01:02:52,493 [INFO] IPUIPlugin:80 - create IPUIPlugin
2026-03-31 01:02:52,494 [INFO] PluginManager:220 - loadIPPluginJar : add tim
2026-03-31 01:02:52,498 [INFO] IPUIPlugin:80 - create IPUIPlugin
2026-03-31 01:02:52,499 [INFO] PluginManager:220 - loadIPPluginJar : add touchsensing
2026-03-31 01:02:52,502 [INFO] IPUIPlugin:80 - create IPUIPlugin
2026-03-31 01:02:52,502 [INFO] PluginManager:220 - loadIPPluginJar : add tracer_emb
2026-03-31 01:02:52,505 [INFO] IPUIPlugin:80 - create IPUIPlugin
2026-03-31 01:02:52,505 [INFO] PluginManager:220 - loadIPPluginJar : add ts
2026-03-31 01:02:52,508 [INFO] IPUIPlugin:80 - create IPUIPlugin
2026-03-31 01:02:52,508 [INFO] PluginManager:220 - loadIPPluginJar : add tsc
2026-03-31 01:02:52,512 [INFO] IPUIPlugin:80 - create IPUIPlugin
2026-03-31 01:02:52,512 [INFO] PluginManager:220 - loadIPPluginJar : add ucpd
2026-03-31 01:02:52,517 [INFO] IPUIPlugin:80 - create IPUIPlugin
2026-03-31 01:02:52,517 [INFO] PluginManager:220 - loadIPPluginJar : add usart
2026-03-31 01:02:52,522 [INFO] IPUIPlugin:80 - create IPUIPlugin
2026-03-31 01:02:52,523 [INFO] PluginManager:220 - loadIPPluginJar : add usbx
2026-03-31 01:02:52,694 [FATAL] Updater:351 - Updater called before beeing initialized
2026-03-31 01:02:52,728 [INFO] RulesReader:64 - Compatibility file has been processed (317 Rules)
2026-03-31 01:02:52,745 [INFO] RulesReader:64 - Compatibility file has been processed (317 Rules)
2026-03-31 01:02:52,767 [INFO] CADModel:165 - CPN selected for project level
2026-03-31 01:02:52,767 [INFO] CADModel:114 - Register for checkConnection events
2026-03-31 01:02:52,767 [FATAL] Updater:351 - Updater called before beeing initialized
2026-03-31 01:02:52,768 [ERROR] CADModel:125 - Updater not yet initialized, retry later 
2026-03-31 01:02:53,024 [FATAL] Updater:351 - Updater called before beeing initialized
2026-03-31 01:02:53,028 [INFO] CADModel:165 - CPN selected for project level
2026-03-31 01:02:53,029 [INFO] CADModel:114 - Register for checkConnection events
2026-03-31 01:02:53,029 [FATAL] Updater:351 - Updater called before beeing initialized
2026-03-31 01:02:53,029 [ERROR] CADModel:125 - Updater not yet initialized, retry later 
2026-03-31 01:02:53,034 [FATAL] Updater:351 - Updater called before beeing initialized
2026-03-31 01:02:53,215 [FATAL] Updater:351 - Updater called before beeing initialized
2026-03-31 01:02:53,219 [INFO] DbMcusAds:53 - JSON generation date=Thu Mar 05 21:32:52 ICT 2026 (1772721172610)
2026-03-31 01:02:53,219 [FATAL] Updater:351 - Updater called before beeing initialized
2026-03-31 01:02:53,261 [WARN] DetailPanel:346 - Failed to get advertising image, set to default
2026-03-31 01:02:53,358 [FATAL] Updater:351 - Updater called before beeing initialized
2026-03-31 01:02:53,367 [FATAL] Updater:351 - Updater called before beeing initialized
2026-03-31 01:02:53,368 [FATAL] Updater:351 - Updater called before beeing initialized
2026-03-31 01:02:53,368 [WARN] DetailPanel:346 - Failed to get advertising image, set to default
2026-03-31 01:02:53,369 [FATAL] Updater:351 - Updater called before beeing initialized
2026-03-31 01:02:53,431 [ERROR] Updater:1198 - MainUpdater not yet initialized. External WinMGr cannot be set.
2026-03-31 01:02:53,433 [INFO] Updater:1134 - Updater Version found : 6.15.0
2026-03-31 01:02:53,454 [INFO] ApplicationProperties:184 - Using Application install path: D:\STM32CubeIDE_1.19.0\STM32CubeIDE\plugins\com.st.stm32cube.common.mx_6.15.0.202507011659
2026-03-31 01:02:53,806 [INFO] MainUpdater:2872 - connection check result : 10
2026-03-31 01:02:53,807 [INFO] MainUpdater:3604 - Updater definition file requires update
2026-03-31 01:02:53,809 [INFO] MainUpdater:289 - Updater Check For Update Now.
2026-03-31 01:02:53,810 [INFO] MicroXplorer:498 - Change Database Version : DB.6.0.150
2026-03-31 01:02:53,817 [INFO] McuFinderGlobals:63 - Set McuFinder mode to 2 (CubeIDE integrated)
2026-03-31 01:02:53,817 [INFO] UserAuth:171 - activating auth plugin
2026-03-31 01:02:53,821 [INFO] ServerAccessManage:452 - Complete download http(s) 200
2026-03-31 01:02:53,821 [INFO] UserAuth:487 - Internet connection configuration mode: 1
2026-03-31 01:02:53,822 [INFO] ServerAccessManage:509 - Download File updaters.zip
2026-03-31 01:02:53,864 [INFO] JxBrowserEngine:152 - Initiate JxBrowser Engine with user profile folder
2026-03-31 01:02:53,900 [INFO] FileExtend:248 - Unzip File : updaters.zip
2026-03-31 01:02:53,900 [INFO] FileExtend:263 - Standard Zip Deflate
2026-03-31 01:02:54,230 [WARN] MainUpdater:1193 - Updater busy. Cannot search thirdparties
2026-03-31 01:02:54,231 [INFO] ThirdPartyUpdaterWithRetryManager:96 - Updater plugin is busy. [1/15]
2026-03-31 01:02:54,941 [INFO] ServerAccessManage:452 - Complete download http(s) 200
2026-03-31 01:02:54,942 [INFO] ServerAccessManage:509 - Download File PacksControlFlags.xml
2026-03-31 01:02:55,051 [INFO] ServerAccessManage:452 - Complete download http(s) 200
2026-03-31 01:02:55,053 [INFO] ServerAccessManage:509 - Download File cubemx.pidx
2026-03-31 01:02:55,334 [INFO] LoadServerUpdatesThread:375 - End of LoadServerUpdate Thread
2026-03-31 01:02:55,539 [INFO] CheckServerUpdateThread:120 - End of CheckServer Thread
2026-03-31 01:02:55,581 [INFO] WebApp:169 - Instantiating new browser for Auth
2026-03-31 01:02:55,627 [INFO] MainUpdater:2872 - connection check result : 10
2026-03-31 01:02:55,630 [INFO] MainUpdater:2872 - connection check result : 10
2026-03-31 01:02:55,707 [INFO] MicroXplorer:468 - Change Database Path : 
2026-03-31 01:02:55,708 [INFO] MicroXplorer:498 - Change Database Version : DB.6.0.150
2026-03-31 01:02:55,738 [WARN] ThirdParty:871 - waiting for thirdparty lock release [close project]
2026-03-31 01:02:56,992 [INFO] WebApp:463 - Apply proxy settings
2026-03-31 01:02:56,993 [INFO] WebApp:548 - Chromium requires no authentication
2026-03-31 01:02:57,017 [INFO] WebApp:491 - Direct internet connection detected
2026-03-31 01:02:57,069 [INFO] WebApp:900 - Register for checkConnection events
2026-03-31 01:02:57,069 [INFO] WebApp:463 - Apply proxy settings
2026-03-31 01:02:57,070 [INFO] WebApp:548 - Chromium requires no authentication
2026-03-31 01:02:57,072 [INFO] WebApp:491 - Direct internet connection detected
2026-03-31 01:02:57,351 [INFO] WebApp:191 - Connection restablished
2026-03-31 01:02:57,569 [INFO] WebApp:225 - Starting web application
2026-03-31 01:02:57,570 [INFO] WebApp:593 - Web application path used D:\STM32CubeIDE_1.19.0\STM32CubeIDE\plugins\com.st.stm32cube.common.mx_6.15.0.202507011659\db\plugins\mcufinder\reactClient1\index.html
2026-03-31 01:02:58,323 [WARN] PackLoader:240 - Cannot read IP mode file for STMicroelectronics.X-CUBE-AZRTOS-H7.3.5.0
2026-03-31 01:02:58,362 [WARN] PackLoader:240 - Cannot read IP mode file for STMicroelectronics.FP-ATR-ASTRA1.2.0.2
2026-03-31 01:02:58,398 [WARN] PackLoader:240 - Cannot read IP mode file for STMicroelectronics.X-CUBE-SMBUS.2.1.0
2026-03-31 01:02:58,448 [WARN] PackLoader:240 - Cannot read IP mode file for STMicroelectronics.X-CUBE-AZRTOS-F7.1.1.0
2026-03-31 01:02:58,484 [WARN] PackLoader:240 - Cannot read IP mode file for STMicroelectronics.FP-SNS-MOTENV1.5.1.0
2026-03-31 01:02:58,526 [WARN] PackLoader:240 - Cannot read IP mode file for WES.I-CUBE-Cesium.1.4.0
2026-03-31 01:02:58,558 [WARN] PackLoader:240 - Cannot read IP mode file for STMicroelectronics.X-CUBE-DISPLAY.3.0.0
2026-03-31 01:02:58,590 [WARN] PackLoader:240 - Cannot read IP mode file for STMicroelectronics.FP-SNS-MOTENVWB1.1.5.0
2026-03-31 01:02:58,710 [WARN] PackLoader:240 - Cannot read IP mode file for STMicroelectronics.X-CUBE-NFC10.1.0.0
2026-03-31 01:02:58,734 [WARN] PackLoader:240 - Cannot read IP mode file for STMicroelectronics.X-CUBE-ST60.1.1.0
2026-03-31 01:02:58,757 [WARN] PackLoader:240 - Cannot read IP mode file for emotas.I-CUBE-CANOPEN.1.3.0
2026-03-31 01:02:58,779 [WARN] PackLoader:240 - Cannot read IP mode file for STMicroelectronics.X-CUBE-GNSS1.7.1.0
2026-03-31 01:02:58,807 [WARN] PackLoader:240 - Cannot read IP mode file for STMicroelectronics.FP-SNS-STBOX1.2.1.0
2026-03-31 01:02:58,831 [WARN] PackLoader:240 - Cannot read IP mode file for STMicroelectronics.FP-SNS-SMARTAG2.1.2.0
2026-03-31 01:02:58,848 [WARN] PackLoader:240 - Cannot read IP mode file for STMicroelectronics.FP-SNS-FLIGHT1.5.1.0
2026-03-31 01:02:58,875 [INFO] LogOutputStream:77 - [STDOUT_REDIRECT] 1 : Invalid condition id : UX_CORESTACK_Condition cause : null
2026-03-31 01:02:58,877 [INFO] LogOutputStream:77 - [STDOUT_REDIRECT] 1 : Invalid condition id : UX_CORESTACK_Condition cause : null
2026-03-31 01:02:58,879 [INFO] LogOutputStream:77 - [STDOUT_REDIRECT] 1 : Invalid condition id : UX_CORESTACK_Condition cause : null
2026-03-31 01:02:58,882 [INFO] LogOutputStream:77 - [STDOUT_REDIRECT] 1 : Invalid condition id : UX_CORESTACK_Condition cause : null
2026-03-31 01:02:58,885 [INFO] LogOutputStream:77 - [STDOUT_REDIRECT] 1 : Invalid condition id : UX_CORESTACK_Condition cause : null
2026-03-31 01:02:58,898 [WARN] PackLoader:240 - Cannot read IP mode file for STMicroelectronics.X-CUBE-AZRTOS-WL.2.0.0
2026-03-31 01:02:58,952 [WARN] PackLoader:240 - Cannot read IP mode file for STMicroelectronics.X-CUBE-AZRTOS-H7RS.1.2.0
2026-03-31 01:02:58,984 [WARN] PackLoader:240 - Cannot read IP mode file for STMicroelectronics.X-CUBE-BLE2.3.3.0
2026-03-31 01:02:59,102 [WARN] PackLoader:240 - Cannot read IP mode file for Infineon.AIROC-Wi-Fi-Bluetooth-STM32.1.8.0
2026-03-31 01:02:59,157 [WARN] PackLoader:240 - Cannot read IP mode file for STMicroelectronics.X-CUBE-NFC9.1.0.0
2026-03-31 01:02:59,181 [WARN] PackLoader:240 - Cannot read IP mode file for STMicroelectronics.X-CUBE-BLE1.7.1.0
2026-03-31 01:02:59,198 [WARN] PackLoader:240 - Cannot read IP mode file for wolfSSL.I-CUBE-wolfMQTT.1.19.2
2026-03-31 01:02:59,220 [WARN] PackLoader:240 - Cannot read IP mode file for STMicroelectronics.X-CUBE-EEPRMA1.5.2.0
2026-03-31 01:02:59,242 [WARN] PackLoader:240 - Cannot read IP mode file for wolfSSL.I-CUBE-wolfSSL.5.8.4
2026-03-31 01:02:59,263 [WARN] PackLoader:240 - Cannot read IP mode file for Cesanta.I-CUBE-Mongoose.7.20.0
2026-03-31 01:02:59,365 [WARN] PackLoader:240 - Cannot read IP mode file for STMicroelectronics.X-CUBE-MEMS1.12.0.0
2026-03-31 01:02:59,594 [WARN] PackLoader:240 - Cannot read IP mode file for STMicroelectronics.X-CUBE-AZRTOS-G0.1.1.0
2026-03-31 01:02:59,615 [WARN] PackLoader:240 - Cannot read IP mode file for STMicroelectronics.X-CUBE-NFC4.3.0.0
2026-03-31 01:02:59,642 [WARN] PackLoader:240 - Cannot read IP mode file for EmbeddedOffice.I-CUBE-FS-RTOS.1.0.1
2026-03-31 01:02:59,661 [WARN] PackLoader:240 - Cannot read IP mode file for STMicroelectronics.X-CUBE-WB05N.2.0.0
2026-03-31 01:02:59,674 [WARN] PackLoader:240 - Cannot read IP mode file for wolfSSL.I-CUBE-wolfTPM.3.8.0
2026-03-31 01:02:59,687 [WARN] PackLoader:240 - Cannot read IP mode file for STMicroelectronics.X-CUBE-TCPP.4.2.0
2026-03-31 01:02:59,705 [WARN] PackLoader:240 - Cannot read IP mode file for RealThread.X-CUBE-RT-Thread_Nano.4.1.1
2026-03-31 01:02:59,717 [WARN] PackLoader:240 - Cannot read IP mode file for STMicroelectronics.FP-ATR-SIGFOX1.3.2.0
2026-03-31 01:02:59,730 [WARN] PackLoader:240 - Cannot read IP mode file for STMicroelectronics.X-CUBE-FREERTOS.1.5.0
2026-03-31 01:02:59,748 [WARN] PackLoader:240 - Cannot read IP mode file for ITTIA_DB.I-CUBE-ITTIADB.8.9.0
2026-03-31 01:02:59,764 [WARN] PackLoader:240 - Cannot read IP mode file for STMicroelectronics.X-CUBE-NFC6.3.2.0
2026-03-31 01:02:59,780 [WARN] PackLoader:240 - Cannot read IP mode file for STMicroelectronics.X-CUBE-AI.10.2.0
2026-03-31 01:02:59,819 [WARN] PackLoader:240 - Cannot read IP mode file for SEGGER.I-CUBE-embOS.1.3.1
2026-03-31 01:02:59,886 [WARN] PackLoader:240 - Cannot read IP mode file for STMicroelectronics.X-CUBE-ALGOBUILD.1.4.0
2026-03-31 01:02:59,898 [WARN] PackLoader:240 - Cannot read IP mode file for STMicroelectronics.X-CUBE-PM33A1.1.0.0
2026-03-31 01:02:59,925 [WARN] PackLoader:240 - Cannot read IP mode file for STMicroelectronics.X-CUBE-AZRTOS-F4.1.1.0
2026-03-31 01:02:59,941 [WARN] PackLoader:240 - Cannot read IP mode file for STMicroelectronics.X-CUBE-ISPU.2.1.0
2026-03-31 01:02:59,965 [WARN] PackLoader:240 - Cannot read IP mode file for STMicroelectronics.X-CUBE-IPS.3.2.0
2026-03-31 01:02:59,998 [WARN] PackLoader:240 - Cannot read IP mode file for STMicroelectronics.X-CUBE-NFC12.1.0.0
2026-03-31 01:03:00,037 [WARN] PackLoader:240 - Cannot read IP mode file for STMicroelectronics.X-CUBE-AZRTOS-L5.2.0.0
2026-03-31 01:03:00,058 [WARN] PackLoader:240 - Cannot read IP mode file for STMicroelectronics.X-CUBE-TOUCHGFX.4.26.1
2026-03-31 01:03:00,075 [WARN] PackLoader:240 - Cannot read IP mode file for STMicroelectronics.FP-SNS-STAIOTCFT.1.0.0
2026-03-31 01:03:00,099 [WARN] PackLoader:240 - Cannot read IP mode file for STMicroelectronics.X-CUBE-DPower.1.3.0
2026-03-31 01:03:00,132 [WARN] ConditionMgr:438 - getConditionDescription Invalid condition id : LAN8742 Phy interface Condition cause : null
2026-03-31 01:03:00,134 [WARN] PackLoader:240 - Cannot read IP mode file for STMicroelectronics.X-CUBE-AZRTOS-L4.2.0.0
2026-03-31 01:03:00,137 [WARN] ConditionMgr:1044 - genDependencies : Invalid condition id : LAN8742 Phy interface Condition cause : null
2026-03-31 01:03:00,138 [WARN] ConditionMgr:1044 - genDependencies : Invalid condition id : LAN8742 Phy interface Condition cause : null
2026-03-31 01:03:00,140 [WARN] ConditionMgr:1044 - genDependencies : Invalid condition id : LAN8742 Phy interface Condition cause : null
2026-03-31 01:03:00,155 [WARN] PackLoader:240 - Cannot read IP mode file for STMicroelectronics.X-CUBE-SFXS2LP1.4.0.0
2026-03-31 01:03:00,171 [WARN] PackLoader:240 - Cannot read IP mode file for STMicroelectronics.X-CUBE-ST67W61.1.2.0
2026-03-31 01:03:00,191 [WARN] PackLoader:240 - Cannot read IP mode file for STMicroelectronics.X-CUBE-BLEMGR.4.1.0
2026-03-31 01:03:00,221 [WARN] ConditionMgr:438 - getConditionDescription Invalid condition id : UX DEVICE CLASS RTOS Condition cause : null
2026-03-31 01:03:00,222 [WARN] ConditionMgr:438 - getConditionDescription Invalid condition id : UX DEVICE CLASS RTOS Condition cause : null
2026-03-31 01:03:00,224 [WARN] PackLoader:240 - Cannot read IP mode file for STMicroelectronics.X-CUBE-AZRTOS-WB.2.0.0
2026-03-31 01:03:00,225 [WARN] ConditionMgr:1044 - genDependencies : Invalid condition id : UX DEVICE CLASS RTOS Condition cause : null
2026-03-31 01:03:00,225 [WARN] ConditionMgr:1044 - genDependencies : Invalid condition id : UX DEVICE CLASS RTOS Condition cause : null
2026-03-31 01:03:00,226 [WARN] ConditionMgr:1044 - genDependencies : Invalid condition id : UX DEVICE CLASS RTOS Condition cause : null
2026-03-31 01:03:00,227 [WARN] ConditionMgr:1044 - genDependencies : Invalid condition id : UX DEVICE CLASS RTOS Condition cause : null
2026-03-31 01:03:00,227 [WARN] ConditionMgr:1044 - genDependencies : Invalid condition id : UX DEVICE CLASS RTOS Condition cause : null
2026-03-31 01:03:00,235 [WARN] ConditionMgr:438 - getConditionDescription Invalid condition id : Cortex-A Device cause : null
2026-03-31 01:03:00,248 [WARN] ConditionMgr:1044 - genDependencies : Invalid condition id : Cortex-A Device cause : null
2026-03-31 01:03:00,249 [WARN] ConditionMgr:1044 - genDependencies : Invalid condition id : Cortex-A Device cause : null
2026-03-31 01:03:00,249 [WARN] ConditionMgr:1044 - genDependencies : Invalid condition id : Cortex-A Device cause : null
2026-03-31 01:03:00,260 [WARN] PackLoader:240 - Cannot read IP mode file for STMicroelectronics.X-CUBE-STSE01.2.0.0
2026-03-31 01:03:00,302 [WARN] PackLoader:240 - Cannot read IP mode file for STMicroelectronics.X-CUBE-SUBG2.5.0.0
2026-03-31 01:03:00,323 [WARN] PackLoader:240 - Cannot read IP mode file for STMicroelectronics.X-CUBE-AZRTOS-G4.2.0.0
2026-03-31 01:03:00,333 [WARN] PackLoader:240 - Cannot read IP mode file for wolfSSL.I-CUBE-wolfSSH.1.4.20
2026-03-31 01:03:00,340 [WARN] PackLoader:240 - Cannot read IP mode file for STMicroelectronics.X-CUBE-NFC7.2.0.0
2026-03-31 01:03:00,350 [WARN] PackLoader:240 - Cannot read IP mode file for STMicroelectronics.X-CUBE-ALS.1.0.2
2026-03-31 01:03:00,363 [WARN] PackLoader:240 - Cannot read IP mode file for STMicroelectronics.X-CUBE-TOF1.3.4.3
2026-03-31 01:03:00,374 [INFO] ThirdParty:978 - Integrity check success = true
2026-03-31 01:03:00,375 [INFO] IntegrityCheckThread:100 - exiting critical section [integrity check]
2026-03-31 01:03:00,375 [INFO] IntegrityCheckThread:103 - End integrity checks thread
2026-03-31 01:03:00,375 [INFO] ThirdParty:873 - entering critical section [close project]
2026-03-31 01:03:00,376 [INFO] ThirdParty:883 - exiting critical section [close project]
2026-03-31 01:03:00,378 [INFO] PinOutPanel:1589 - setPackage(No Configuration,No Configuration)
2026-03-31 01:03:00,381 [INFO] UtilMem:75 - Begin LoadConfig() Used Memory: 183905568 Bytes (399507456)
2026-03-31 01:03:00,384 [INFO] MicroXplorer:468 - Change Database Path : 
2026-03-31 01:03:00,384 [INFO] MicroXplorer:498 - Change Database Version : DB.6.0.150
2026-03-31 01:03:00,384 [INFO] OpenFileManager:355 - Change cursor
2026-03-31 01:03:00,420 [INFO] Mcu:2029 - Initializing MCU STM32F401C(B-C)Ux STM32F401CCUx STM32F401CCU6
2026-03-31 01:03:02,232 [INFO] Context:786 - Trying to add GPIOservice into a context  which must be forbidden
2026-03-31 01:03:02,796 [INFO] ImportTextPane:234 - (OptionalMessage_ERROR) Pin12 (VP_RIF_VS_RIF1) cannot be retrieved for this MCU
2026-03-31 01:03:03,084 [INFO] RtosManager:558 - Registered RTOS mode: class=CMSIS, group=RTOS, mode=CMSIS_V1, owner=FREERTOS
2026-03-31 01:03:03,084 [INFO] RtosManager:558 - Registered RTOS mode: class=CMSIS, group=RTOS2, mode=CMSIS_V2, owner=FREERTOS
2026-03-31 01:03:03,084 [INFO] RtosManager:558 - Registered RTOS mode: class=RTOS, group=Core, mode=CMSIS_V1, owner=FREERTOS
2026-03-31 01:03:03,084 [INFO] RtosManager:558 - Registered RTOS mode: class=RTOS, group=Core, mode=CMSIS_V2, owner=FREERTOS
2026-03-31 01:03:03,084 [WARN] ModelIntegratedComponent:184 - Missing modes for component STMicroelectronics:FreeRTOS:0.0.1:STMicroelectronics:RTOS:FreeRTOS:Core:::10.2.0:
2026-03-31 01:03:03,104 [WARN] ModelIntegratedComponent:182 - Modes not found for component STMicroelectronics:USB_HOST:1.0.0:STMicroelectronics:USB::USB Host:Audio HS::1.0:USB_HOST_1_0_RESTRICTED_HS
2026-03-31 01:03:03,104 [WARN] ModelIntegratedComponent:188 - Modes not found for component STMicroelectronics:USB_HOST:1.0.0:STMicroelectronics:USB::USB Host:Audio HS::1.0:USB_HOST_1_0_RESTRICTED_HS
2026-03-31 01:03:03,104 [WARN] ModelIntegratedComponent:182 - Modes not found for component STMicroelectronics:USB_HOST:1.0.0:STMicroelectronics:USB::USB Host:CDC HS::1.0:USB_HOST_1_0_RESTRICTED_HS
2026-03-31 01:03:03,104 [WARN] ModelIntegratedComponent:188 - Modes not found for component STMicroelectronics:USB_HOST:1.0.0:STMicroelectronics:USB::USB Host:CDC HS::1.0:USB_HOST_1_0_RESTRICTED_HS
2026-03-31 01:03:03,104 [WARN] ModelIntegratedComponent:182 - Modes not found for component STMicroelectronics:USB_HOST:1.0.0:STMicroelectronics:USB::USB Host:MSC HS::1.0:USB_HOST_1_0_RESTRICTED_HS
2026-03-31 01:03:03,106 [WARN] ModelIntegratedComponent:188 - Modes not found for component STMicroelectronics:USB_HOST:1.0.0:STMicroelectronics:USB::USB Host:MSC HS::1.0:USB_HOST_1_0_RESTRICTED_HS
2026-03-31 01:03:03,106 [WARN] ModelIntegratedComponent:182 - Modes not found for component STMicroelectronics:USB_HOST:1.0.0:STMicroelectronics:USB::USB Host:HID HS::1.0:USB_HOST_1_0_RESTRICTED_HS
2026-03-31 01:03:03,106 [WARN] ModelIntegratedComponent:188 - Modes not found for component STMicroelectronics:USB_HOST:1.0.0:STMicroelectronics:USB::USB Host:HID HS::1.0:USB_HOST_1_0_RESTRICTED_HS
2026-03-31 01:03:03,106 [WARN] ModelIntegratedComponent:182 - Modes not found for component STMicroelectronics:USB_HOST:1.0.0:STMicroelectronics:USB::USB Host:MTP HS::1.0:USB_HOST_1_0_RESTRICTED_HS
2026-03-31 01:03:03,106 [WARN] ModelIntegratedComponent:188 - Modes not found for component STMicroelectronics:USB_HOST:1.0.0:STMicroelectronics:USB::USB Host:MTP HS::1.0:USB_HOST_1_0_RESTRICTED_HS
2026-03-31 01:03:03,120 [WARN] ModelIntegratedComponent:63 - No mode defined for component null
2026-03-31 01:03:03,120 [WARN] ModelIntegratedComponent:63 - No mode defined for component null
2026-03-31 01:03:03,120 [WARN] ModelIntegratedComponent:63 - No mode defined for component null
2026-03-31 01:03:03,120 [WARN] ModelIntegratedComponent:63 - No mode defined for component null
2026-03-31 01:03:03,120 [WARN] ModelIntegratedComponent:63 - No mode defined for component null
2026-03-31 01:03:03,120 [WARN] ModelIntegratedComponent:63 - No mode defined for component null
2026-03-31 01:03:03,120 [WARN] ModelIntegratedComponent:63 - No mode defined for component null
2026-03-31 01:03:03,120 [WARN] ModelIntegratedComponent:63 - No mode defined for component null
2026-03-31 01:03:03,120 [WARN] ModelIntegratedComponent:63 - No mode defined for component null
2026-03-31 01:03:03,120 [WARN] ModelIntegratedComponent:63 - No mode defined for component null
2026-03-31 01:03:03,120 [WARN] ModelIntegratedComponent:63 - No mode defined for component null
2026-03-31 01:03:03,120 [WARN] ModelIntegratedComponent:63 - No mode defined for component null
2026-03-31 01:03:03,120 [WARN] ModelIntegratedComponent:63 - No mode defined for component null
2026-03-31 01:03:03,120 [WARN] ModelIntegratedComponent:63 - No mode defined for component null
2026-03-31 01:03:03,120 [WARN] ModelIntegratedComponent:63 - No mode defined for component null
2026-03-31 01:03:03,120 [WARN] ModelIntegratedComponent:63 - No mode defined for component null
2026-03-31 01:03:03,120 [WARN] ModelIntegratedComponent:63 - No mode defined for component null
2026-03-31 01:03:03,120 [WARN] ModelIntegratedComponent:63 - No mode defined for component null
2026-03-31 01:03:03,120 [WARN] ModelIntegratedComponent:63 - No mode defined for component null
2026-03-31 01:03:03,120 [WARN] ModelIntegratedComponent:63 - No mode defined for component null
2026-03-31 01:03:03,120 [WARN] ModelIntegratedComponent:63 - No mode defined for component null
2026-03-31 01:03:03,120 [WARN] ModelIntegratedComponent:63 - No mode defined for component null
2026-03-31 01:03:03,120 [WARN] ModelIntegratedComponent:63 - No mode defined for component null
2026-03-31 01:03:03,120 [WARN] ModelIntegratedComponent:63 - No mode defined for component null
2026-03-31 01:03:03,120 [WARN] ModelIntegratedComponent:63 - No mode defined for component null
2026-03-31 01:03:03,120 [WARN] ModelIntegratedComponent:63 - No mode defined for component null
2026-03-31 01:03:03,120 [WARN] ModelIntegratedComponent:63 - No mode defined for component null
2026-03-31 01:03:03,122 [WARN] ModelIntegratedComponent:63 - No mode defined for component null
2026-03-31 01:03:03,122 [WARN] ModelIntegratedComponent:63 - No mode defined for component null
2026-03-31 01:03:03,122 [WARN] ModelIntegratedComponent:63 - No mode defined for component null
2026-03-31 01:03:03,122 [WARN] ModelIntegratedComponent:63 - No mode defined for component null
2026-03-31 01:03:03,122 [WARN] ModelIntegratedComponent:63 - No mode defined for component null
2026-03-31 01:03:03,122 [WARN] ModelIntegratedComponent:63 - No mode defined for component null
2026-03-31 01:03:03,122 [WARN] ModelIntegratedComponent:63 - No mode defined for component null
2026-03-31 01:03:03,122 [WARN] ModelIntegratedComponent:63 - No mode defined for component null
2026-03-31 01:03:03,123 [WARN] ModelPack:524 - Component already loaded: STMicroelectronics:HAL Drivers:0.0.0:STMicroelectronics:Device:STMicro_Driver:XSPI:HAL::0.0.1:HAL_XSPI
2026-03-31 01:03:03,144 [WARN] ModelIntegratedComponent:182 - Modes not found for component STMicroelectronics:USB_DEVICE:1.0.0:STMicroelectronics:USB::USB Device:Audio HS::1.0:USB_DEVICE_1_0_RESTRICTED_HS
2026-03-31 01:03:03,145 [WARN] ModelIntegratedComponent:188 - Modes not found for component STMicroelectronics:USB_DEVICE:1.0.0:STMicroelectronics:USB::USB Device:Audio HS::1.0:USB_DEVICE_1_0_RESTRICTED_HS
2026-03-31 01:03:03,145 [WARN] ModelIntegratedComponent:182 - Modes not found for component STMicroelectronics:USB_DEVICE:1.0.0:STMicroelectronics:USB::USB Device:CDC HS::1.0:USB_DEVICE_1_0_RESTRICTED_HS
2026-03-31 01:03:03,145 [WARN] ModelIntegratedComponent:188 - Modes not found for component STMicroelectronics:USB_DEVICE:1.0.0:STMicroelectronics:USB::USB Device:CDC HS::1.0:USB_DEVICE_1_0_RESTRICTED_HS
2026-03-31 01:03:03,145 [WARN] ModelIntegratedComponent:182 - Modes not found for component STMicroelectronics:USB_DEVICE:1.0.0:STMicroelectronics:USB::USB Device:DFU HS::1.0:USB_DEVICE_1_0_RESTRICTED_HS
2026-03-31 01:03:03,145 [WARN] ModelIntegratedComponent:188 - Modes not found for component STMicroelectronics:USB_DEVICE:1.0.0:STMicroelectronics:USB::USB Device:DFU HS::1.0:USB_DEVICE_1_0_RESTRICTED_HS
2026-03-31 01:03:03,145 [WARN] ModelIntegratedComponent:182 - Modes not found for component STMicroelectronics:USB_DEVICE:1.0.0:STMicroelectronics:USB::USB Device:HID HS::1.0:USB_DEVICE_1_0_RESTRICTED_HS
2026-03-31 01:03:03,145 [WARN] ModelIntegratedComponent:188 - Modes not found for component STMicroelectronics:USB_DEVICE:1.0.0:STMicroelectronics:USB::USB Device:HID HS::1.0:USB_DEVICE_1_0_RESTRICTED_HS
2026-03-31 01:03:03,145 [WARN] ModelIntegratedComponent:182 - Modes not found for component STMicroelectronics:USB_DEVICE:1.0.0:STMicroelectronics:USB::USB Device:Custom HID HS::1.0:USB_DEVICE_1_0_RESTRICTED_HS
2026-03-31 01:03:03,145 [WARN] ModelIntegratedComponent:188 - Modes not found for component STMicroelectronics:USB_DEVICE:1.0.0:STMicroelectronics:USB::USB Device:Custom HID HS::1.0:USB_DEVICE_1_0_RESTRICTED_HS
2026-03-31 01:03:03,145 [WARN] ModelIntegratedComponent:182 - Modes not found for component STMicroelectronics:USB_DEVICE:1.0.0:STMicroelectronics:USB::USB Device:MSC HS::1.0:USB_DEVICE_1_0_RESTRICTED_HS
2026-03-31 01:03:03,145 [WARN] ModelIntegratedComponent:188 - Modes not found for component STMicroelectronics:USB_DEVICE:1.0.0:STMicroelectronics:USB::USB Device:MSC HS::1.0:USB_DEVICE_1_0_RESTRICTED_HS
2026-03-31 01:03:03,222 [INFO] ThirdPartyModel:298 - Start build external matchings
2026-03-31 01:03:03,500 [INFO] ThirdPartyModel:316 - End build external matchings
2026-03-31 01:03:03,527 [INFO] RtosManager:1018 - Current active RTOS is FREERTOS [Cortex-M4NS]
2026-03-31 01:03:03,554 [INFO] ImportTextPane:234 - (OptionalMessage_ERROR) IP (RCC) : Parameter (48MHZClocksFreq_Value) has invalid value (84000000)
2026-03-31 01:03:03,556 [INFO] ImportTextPane:234 - (OptionalMessage_ERROR) IP (RCC) : Parameter (RTCHSEDivFreq_Value) has invalid value (12500000)
2026-03-31 01:03:04,218 [INFO] ApiDb:581 - Connected to CubeFinder SQLite database (C:\Users\User\.stmcufinder\plugins\mcufinder\mcu\cube-finder-db.db)
2026-03-31 01:03:04,369 [INFO] ApiDb:668 - CubeFinder database Data Model version=2.1
2026-03-31 01:03:04,369 [INFO] ApiDb:669 - CubeFinder database Configuration version=3.0.42
2026-03-31 01:03:04,369 [INFO] ApiDb:670 - CubeFinder database generation date=2026-03-11 (1773229989)
2026-03-31 01:03:04,369 [INFO] ApiDb:671 - CubeFinder database FW Pack versions=[FP-ATR-ASTRA1_V2.0.0, FP-SNS-FLIGHT1_V5.1.0, FP-SNS-MOTENV1_V5.1.0, FP-SNS-MOTENVWB1_V1.5.0, FP-SNS-SMARTAG2_V1.2.0, FP-SNS-STBOX1_V2.1.0, STM32Cube_FW_C0_V1.4.0, STM32Cube_FW_F4_V1.28.3, STM32Cube_FW_F7_V1.17.4, STM32Cube_FW_G0_V1.6.3, STM32Cube_FW_G4_V1.6.2, STM32Cube_FW_H5_V1.6.0, STM32Cube_FW_H7RS_V1.3.0, STM32Cube_FW_H7_V1.13.0, STM32Cube_FW_L0_V1.12.2, STM32Cube_FW_L4_V1.18.2, STM32Cube_FW_L5_V1.6.0, STM32Cube_FW_N6_V1.3.0, STM32Cube_FW_U0_V1.3.0, STM32Cube_FW_U3_V1.3.0, STM32Cube_FW_U5_V1.8.0, STM32Cube_FW_WB0_V1.4.0, STM32Cube_FW_WBA_V1.9.0, STM32Cube_FW_WB_V1.24.0, STM32Cube_FW_WL3_V1.4.0, STM32Cube_FW_WL_V1.5.0, X-CUBE-ALGOBUILD_V1.4.0, X-CUBE-ALS_V1.0.2, X-CUBE-AZRTOS-F4_V1.1.0, X-CUBE-AZRTOS-F7_V1.1.0, X-CUBE-AZRTOS-G0_V1.1.0, X-CUBE-AZRTOS-G4_V2.0.0, X-CUBE-AZRTOS-H7RS_V1.1.0, X-CUBE-AZRTOS-H7_V3.4.0, X-CUBE-AZRTOS-L4_V2.0.0, X-CUBE-AZRTOS-L5_V2.0.0, X-CUBE-AZRTOS-WB_V2.0.0, X-CUBE-AZRTOS-WL_V2.0.0, X-CUBE-BLE1_V7.1.0, X-CUBE-BLE2_V3.3.0, X-CUBE-BLEMGR_V4.1.0, X-CUBE-EEPRMA1_V5.2.0, X-CUBE-FREERTOS_V1.5.0, X-CUBE-GNSS1_V6.0.0, X-CUBE-MEMS1_V12.0.0, X-CUBE-NFC4_V3.0.0, X-CUBE-NFC7_V2.0.0, X-CUBE-SFXS2LP1_V4.0.0, X-CUBE-ST67W61_V1.2.0, X-CUBE-SUBG2_V5.0.0, X-CUBE-TOF1_V3.4.3]
2026-03-31 01:03:04,561 [INFO] DbBoardsSqlite:226 - include board P-NUCLEO-WB55-NUCLEO as a kit item of type 'Nucleo-64'
2026-03-31 01:03:04,561 [INFO] DbBoardsSqlite:226 - include board P-NUCLEO-WB55-USBDONGLE as a kit item of type 'Nucleo USB Dongle'
2026-03-31 01:03:04,562 [INFO] DbBoardsSqlite:226 - include board STEVAL-IDP005V1 as a kit item of type 'Evaluation Board'
2026-03-31 01:03:04,563 [INFO] DbBoardsSqlite:226 - include board STEVAL-IDP005V2 as a kit item of type 'Evaluation Board'
2026-03-31 01:03:05,228 [INFO] ApiDb:240 - Found 880 in-development CPN: [B-G473E-ZEST1S, B-WB1M-WPAN1, B-WBA5M-WPAN, B-WL5M-SUBG1, NUCLEO-C031C6, NUCLEO-C051C8, NUCLEO-C071RB, NUCLEO-C092RC, NUCLEO-H503RB, NUCLEO-H533RE, NUCLEO-H563ZI, NUCLEO-H7S3L8, NUCLEO-N657X0-Q, NUCLEO-U031R8, NUCLEO-U083RC, NUCLEO-U385RG-Q, NUCLEO-U545RE-Q, NUCLEO-U5A5ZJ-Q, NUCLEO-WB05KZ, NUCLEO-WB07CC, NUCLEO-WB09KE, NUCLEO-WBA52CG, NUCLEO-WBA55CG, NUCLEO-WL33CC1, NUCLEO-WL33CC2, STEVAL-PROTEUS1, STEVAL-SMARTAG2, STEVAL-STWINBX1, STM320518-EVAL, STM32C0116-DK, STM32C011D6Y3TR, STM32C011D6Y6TR, STM32C011F4P3, STM32C011F4P6, STM32C011F4U3, STM32C011F4U6TR, STM32C011F6P3, STM32C011F6P6, STM32C011F6U3, STM32C011F6U6TR, STM32C011J4M3, STM32C011J4M6, STM32C011J6M3, STM32C011J6M6, STM32C0316-DK, STM32C031C4T3, STM32C031C4T6, STM32C031C4U3, STM32C031C4U6, STM32C031C6T3, STM32C031C6T6, STM32C031C6U3, STM32C031C6U6, STM32C031F4P3, STM32C031F4P6, STM32C031F6P3, STM32C031F6P6, STM32C031G4U3, STM32C031G4U6, STM32C031G6U3, STM32C031G6U6, STM32C031K4T3, STM32C031K4T6, STM32C031K4U3, STM32C031K4U6, STM32C031K6T3, STM32C031K6T6, STM32C031K6U3, STM32C031K6U6, STM32C051C6T6, STM32C051C6U6, STM32C051C8T6, STM32C051C8U6, STM32C051D8Y6TR, STM32C051F6P6, STM32C051F8P6, STM32C051G6U6, STM32C051G8U6, STM32C051K6T6, STM32C051K6U6, STM32C051K8T6, STM32C071C8T6, STM32C071C8T6N, STM32C071C8U6, STM32C071C8U6N, STM32C071CBT6, STM32C071CBT6N, STM32C071CBU6, STM32C071CBU6N, STM32C071F8P6, STM32C071F8P6N, STM32C071FBP6, STM32C071FBP6N, STM32C071FBY6TR, STM32C071G8U6, STM32C071G8U6N, STM32C071GBU6, STM32C071GBU6N, STM32C071K8T6, STM32C071K8T6N, STM32C071K8U6, STM32C071K8U6N, STM32C071KBT6, STM32C071KBT6N, STM32C071KBU6, STM32C071KBU6N, STM32C071R8T6, STM32C071R8T6N, STM32C071RBI6N, STM32C071RBT6, STM32C071RBT6N, STM32C091CBT6, STM32C091CBU6, STM32C091CCT6, STM32C091CCU6, STM32C091ECY6TR, STM32C091FBP6, STM32C091FCP6, STM32C091GBU6, STM32C091GCU6, STM32C091KBT6, STM32C091KBU6, STM32C091KCT6, STM32C091KCU6, STM32C091RBT6, STM32C091RCI6, STM32C091RCT6, STM32C092CBT6, STM32C092CBU6, STM32C092CCT6, STM32C092CCU6, STM32C092ECY6TR, STM32C092FBP6, STM32C092FCP6, STM32C092GBU6, STM32C092GCU6, STM32C092KBT6, STM32C092KBU6, STM32C092KCT6, STM32C092KCU6, STM32C092RBT6, STM32C092RCI6, STM32C092RCT6, STM32G071K8TXN, STM32G071K8UXN, STM32G081GBU6N, STM32G081KBT6N, STM32G081KBUXN, STM32G0B1CCT6N, STM32G0B1KCT6, STM32G0B1NEY6TR, STM32G0B1RCT6N, STM32G0C1CCT6, STM32G0C1CCT6N, STM32G0C1CCU6N, STM32G0C1CET6N, STM32G0C1CEU6N, STM32G0C1KCT6, STM32G0C1NEY6TR, STM32G0C1RCI6N, STM32G0C1RCT6N, STM32G0C1REI6N, STM32G0C1RET6N, STM32G0C1VCI6, STM32G0C1VEI6, STM32G411C6T3, STM32G411C6T6, STM32G411C6U3, STM32G411C6U6, STM32G411C8T3, STM32G411C8T6, STM32G411C8U3, STM32G411C8U6, STM32G411CBT3, STM32G411CBT6, STM32G411CBU3, STM32G411CBU6, STM32G411K6T3, STM32G411K6T6, STM32G411K6U3, STM32G411K6U6, STM32G411K8T3, STM32G411K8T6, STM32G411K8U3, STM32G411K8U6, STM32G411KBT3, STM32G411KBT6, STM32G411KBU3, STM32G411KBU6, STM32G411M6T3, STM32G411M6T6, STM32G411M8T3, STM32G411M8T6, STM32G411MBT3, STM32G411MBT6, STM32G411R6T3, STM32G411R6T6, STM32G411R8T3, STM32G411R8T6, STM32G411RBT3, STM32G411RBT6, STM32G414CBT3, STM32G414CBT6, STM32G414CBU3, STM32G414CBU6, STM32G414CCT3, STM32G414CCT6, STM32G414CCU3, STM32G414CCU6, STM32G414MBT3, STM32G414MBT6, STM32G414MCT3, STM32G414MCT6, STM32G414RBT3, STM32G414RBT6, STM32G414RCT3, STM32G414RCT6, STM32G414VBT3, STM32G414VBT6, STM32G414VCT3, STM32G414VCT6, STM32G431CBT3Z, STM32G431RBT3Z, STM32G471CCT6, STM32G471CCU6, STM32G471CET3, STM32G471CET6, STM32G471CEU3, STM32G471CEU6, STM32G471MCT6, STM32G471MET3, STM32G471MET6, STM32G471MEY6TR, STM32G471QCT6, STM32G471QET3, STM32G471RCT6, STM32G471RET3, STM32G471RET6, STM32G471VCH6, STM32G471VCI6, STM32G471VCT6, STM32G471VEH3, STM32G471VEH6, STM32G471VEI3, STM32G471VEI6, STM32G471VET3, STM32G471VET6, STM32G473QET3Z, STM32G473RET3Z, STM32G474CCT6, STM32G491RET3Z, STM32H503CBT6, STM32H503CBU6, STM32H503EBY6TR, STM32H503KBU6, STM32H503RBT6, STM32H523CCT6, STM32H523CCU6, STM32H523CET6, STM32H523CEU6, STM32H523HEY6TR, STM32H523RCT6, STM32H523RET6, STM32H523VCI6, STM32H523VCT6, STM32H523VEI6, STM32H523VET6, STM32H523ZCJ6, STM32H523ZCT6, STM32H523ZEJ6, STM32H523ZET6, STM32H533CET6, STM32H533CEU6, STM32H533HEY6TR, STM32H533RET6, STM32H533VEI6, STM32H533VET6, STM32H533ZEJ6, STM32H533ZET6, STM32H562AGI6, STM32H562AII6, STM32H562IGK6, STM32H562IGT6, STM32H562IIK6, STM32H562IIT6, STM32H562RGT6, STM32H562RGV6, STM32H562RIT6, STM32H562RIV6, STM32H562VGT6, STM32H562VIT6, STM32H562ZGT6, STM32H562ZIT6, STM32H563AGI6, STM32H563AII3Q, STM32H563AII6, STM32H563IGK6, STM32H563IGT6, STM32H563IIK3Q, STM32H563IIK6, STM32H563IIT3Q, STM32H563IIT6, STM32H563MIY3QTR, STM32H563RGT6, STM32H563RGV6, STM32H563RIT6, STM32H563RIV6, STM32H563VGT6, STM32H563VIT3Q, STM32H563VIT6, STM32H563ZGT6, STM32H563ZIT3Q, STM32H563ZIT6, STM32H573AII3Q, STM32H573AII6, STM32H573I-DK, STM32H573IIK3Q, STM32H573IIK6, STM32H573IIT3Q, STM32H573IIT6, STM32H573MIY3QTR, STM32H573RIT6, STM32H573RIV6, STM32H573VIT3Q, STM32H573VIT6, STM32H573ZIT3Q, STM32H573ZIT6, STM32H7R3A8I6, STM32H7R3I8K6, STM32H7R3I8T6, STM32H7R3L8H6, STM32H7R3L8H6H, STM32H7R3R8V6, STM32H7R3V8H6, STM32H7R3V8T6, STM32H7R3V8Y6TR, STM32H7R3Z8J6, STM32H7R3Z8T6, STM32H7R7A8I6, STM32H7R7I8K6, STM32H7R7I8T6, STM32H7R7L8H6, STM32H7R7L8H6H, STM32H7R7Z8J6, STM32H7S3A8I6, STM32H7S3I8K6, STM32H7S3I8T6, STM32H7S3L8H6, STM32H7S3L8H6H, STM32H7S3R8V6, STM32H7S3V8H6, STM32H7S3V8T6, STM32H7S3V8Y6TR, STM32H7S3Z8J6, STM32H7S3Z8T6, STM32H7S78-DK, STM32H7S7A8I6, STM32H7S7I8K6, STM32H7S7I8T6, STM32H7S7L8H6, STM32H7S7L8H6H, STM32H7S7Z8J6, STM32L4R5QGI6STR, STM32MP131AAE3, STM32MP131AAF3, STM32MP131AAG3, STM32MP131CAE3, STM32MP131CAF3, STM32MP131CAG3, STM32MP131DAE7, STM32MP131DAF7, STM32MP131DAG7, STM32MP131FAE7, STM32MP131FAF7, STM32MP131FAG7, STM32MP133AAE3, STM32MP133AAF3, STM32MP133AAG3, STM32MP133CAE3, STM32MP133CAF3, STM32MP133CAG3, STM32MP133DAE7, STM32MP133DAF7, STM32MP133DAG7, STM32MP133FAE7, STM32MP133FAF7, STM32MP133FAG7, STM32MP135AAE3, STM32MP135AAF3, STM32MP135AAG3, STM32MP135CAE3, STM32MP135CAF3, STM32MP135CAG3, STM32MP135DAE7, STM32MP135DAF7, STM32MP135DAG7, STM32MP135F-DK, STM32MP135FAE7, STM32MP135FAF7, STM32MP135FAF7T, STM32MP135FAF7U, STM32MP135FAG7, STM32MP211AAL3, STM32MP211AAM3, STM32MP211AAN3, STM32MP211AAO3, STM32MP211CAL3, STM32MP211CAM3, STM32MP211CAN3, STM32MP211CAO3, STM32MP211DAL3, STM32MP211DAM3, STM32MP211DAN3, STM32MP211DAO3, STM32MP211FAL3, STM32MP211FAM3, STM32MP211FAN3, STM32MP211FAO3, STM32MP213AAL3, STM32MP213AAM3, STM32MP213AAN3, STM32MP213AAO3, STM32MP213CAL3, STM32MP213CAM3, STM32MP213CAN3, STM32MP213CAO3, STM32MP213DAL3, STM32MP213DAM3, STM32MP213DAN3, STM32MP213DAO3, STM32MP213FAL3, STM32MP213FAM3, STM32MP213FAN3, STM32MP213FAO3, STM32MP215AAL3, STM32MP215AAM3, STM32MP215AAN3, STM32MP215AAO3, STM32MP215CAL3, STM32MP215CAM3, STM32MP215CAN3, STM32MP215CAO3, STM32MP215DAL3, STM32MP215DAM3, STM32MP215DAN3, STM32MP215DAO3, STM32MP215F-DK, STM32MP215FAL3, STM32MP215FAM3, STM32MP215FAN3, STM32MP215FAO3, STM32MP231AAJ3, STM32MP231AAK3, STM32MP231AAL3, STM32MP231CAJ3, STM32MP231CAK3, STM32MP231CAL3, STM32MP231DAJ3, STM32MP231DAK3, STM32MP231DAL3, STM32MP231FAJ3, STM32MP231FAK3, STM32MP231FAL3, STM32MP233AAJ3, STM32MP233AAK3, STM32MP233AAL3, STM32MP233CAJ3, STM32MP233CAK3, STM32MP233CAL3, STM32MP233DAJ3, STM32MP233DAK3, STM32MP233DAL3, STM32MP233FAJ3, STM32MP233FAK3, STM32MP233FAL3, STM32MP235AAJ3, STM32MP235AAK3, STM32MP235AAL3, STM32MP235CAJ3, STM32MP235CAK3, STM32MP235CAL3, STM32MP235DAJ3, STM32MP235DAK3, STM32MP235DAL3, STM32MP235FAJ3, STM32MP235FAK3, STM32MP235FAL3, STM32MP251AAI3, STM32MP251AAK3, STM32MP251AAL3, STM32MP251CAI3, STM32MP251CAK3, STM32MP251CAL3, STM32MP251DAI3, STM32MP251DAK3, STM32MP251DAL3, STM32MP251FAI3, STM32MP251FAK3, STM32MP251FAL3, STM32MP253AAI3, STM32MP253AAK3, STM32MP253AAL3, STM32MP253CAI3, STM32MP253CAK3, STM32MP253CAL3, STM32MP253DAI3, STM32MP253DAK3, STM32MP253DAL3, STM32MP253FAI3, STM32MP253FAK3, STM32MP253FAL3, STM32MP255AAI3, STM32MP255AAK3, STM32MP255AAL3, STM32MP255CAI3, STM32MP255CAK3, STM32MP255CAL3, STM32MP255DAI3, STM32MP255DAK3, STM32MP255DAL3, STM32MP255FAI3, STM32MP255FAK3, STM32MP255FAL3, STM32MP257AAI3, STM32MP257AAK3, STM32MP257AAL3, STM32MP257CAI3, STM32MP257CAK3, STM32MP257CAL3, STM32MP257DAI3, STM32MP257DAK3, STM32MP257DAL3, STM32MP257F-DK, STM32MP257F-EV1, STM32MP257FAI3, STM32MP257FAK3, STM32MP257FAL3, STM32N645A0H3Q, STM32N645B0H3Q, STM32N645I0H3Q, STM32N645L0H3Q, STM32N645X0H3Q, STM32N645Z0H3Q, STM32N647A0H3Q, STM32N647B0H3Q, STM32N647I0H3Q, STM32N647L0H3Q, STM32N647X0H3Q, STM32N647Z0H3Q, STM32N655A0H3Q, STM32N655B0H3Q, STM32N655I0H3Q, STM32N655L0H3Q, STM32N655X0H3Q, STM32N655Z0H3Q, STM32N6570-DK, STM32N657A0H3Q, STM32N657B0H3Q, STM32N657I0H3Q, STM32N657L0H3Q, STM32N657X0H3Q, STM32N657Z0H3Q, STM32U031C6T6, STM32U031C6U6, STM32U031C8T6, STM32U031C8U6, STM32U031F4P6, STM32U031F6P6, STM32U031F8P6, STM32U031G6Y6TR, STM32U031G8Y6TR, STM32U031K4U6, STM32U031K6U6, STM32U031K8U6, STM32U031R6I6, STM32U031R6T6, STM32U031R8I6, STM32U031R8T6, STM32U073C8T6, STM32U073C8U6, STM32U073CBT6, STM32U073CBU6, STM32U073CCT6, STM32U073CCU6, STM32U073H8Y6TR, STM32U073HBY6TR, STM32U073HCY6TR, STM32U073K8U6, STM32U073KBU6, STM32U073KCU6, STM32U073M8I6, STM32U073M8T6, STM32U073MBI6, STM32U073MBT6, STM32U073MCI6, STM32U073MCT6, STM32U073R8I6, STM32U073R8T6, STM32U073RBI6, STM32U073RBT6, STM32U073RCI6, STM32U073RCT6, STM32U083C-DK, STM32U083CCT6, STM32U083CCU6, STM32U083HCY6TR, STM32U083KCU6, STM32U083MCI6, STM32U083MCT6, STM32U083RCI6, STM32U083RCT6, STM32U375CET6, STM32U375CET6Q, STM32U375CEU6, STM32U375CEU6Q, STM32U375CEY6QTR, STM32U375CGT6, STM32U375CGT6Q, STM32U375CGU6, STM32U375CGU6Q, STM32U375CGY6QTR, STM32U375KEU6, STM32U375KGU6, STM32U375REI6, STM32U375REI6Q, STM32U375RET6, STM32U375RET6Q, STM32U375REY6GTR, STM32U375REY6QTR, STM32U375RGI6, STM32U375RGI6Q, STM32U375RGT6, STM32U375RGT6Q, STM32U375RGY6GTR, STM32U375RGY6QTR, STM32U375VEI6, STM32U375VEI6Q, STM32U375VET6, STM32U375VET6Q, STM32U375VGI6, STM32U375VGI6Q, STM32U375VGT6, STM32U375VGT6Q, STM32U385CGT6, STM32U385CGT6Q, STM32U385CGU6, STM32U385CGU6Q, STM32U385CGY6QTR, STM32U385KGU6, STM32U385RGI6, STM32U385RGI6Q, STM32U385RGT6, STM32U385RGT6Q, STM32U385RGY6GTR, STM32U385RGY6QTR, STM32U385VGI6, STM32U385VGI6Q, STM32U385VGT6, STM32U385VGT6Q, STM32U535CBT6, STM32U535CBT6Q, STM32U535CBU6, STM32U535CBU6Q, STM32U535CCT6, STM32U535CCT6Q, STM32U535CCU6, STM32U535CCU6Q, STM32U535CET6, STM32U535CET6Q, STM32U535CEU6, STM32U535CEU6Q, STM32U535JEY6QTR, STM32U535NCY6QTR, STM32U535NEY6QTR, STM32U535RBI6, STM32U535RBI6Q, STM32U535RBT6, STM32U535RBT6Q, STM32U535RCI6, STM32U535RCI6Q, STM32U535RCT6, STM32U535RCT6Q, STM32U535REI6, STM32U535REI6Q, STM32U535RET6, STM32U535RET6Q, STM32U535VCI6, STM32U535VCI6Q, STM32U535VCT6, STM32U535VCT6Q, STM32U535VEI6, STM32U535VEI6Q, STM32U535VET6, STM32U535VET6Q, STM32U545CET6, STM32U545CET6Q, STM32U545CEU6, STM32U545CEU6Q, STM32U545JEY6QTR, STM32U545NEY6QTR, STM32U545REI6, STM32U545REI6Q, STM32U545RET6, STM32U545RET6Q, STM32U545VEI6, STM32U545VEI6Q, STM32U545VET6, STM32U545VET6Q, STM32U595AIH6, STM32U595AIH6Q, STM32U595AJH6, STM32U595AJH6Q, STM32U595QII6, STM32U595QII6Q, STM32U595QJI6, STM32U595QJI6Q, STM32U595RIT6, STM32U595RIT6Q, STM32U595RJT6, STM32U595RJT6Q, STM32U595VIT6, STM32U595VIT6Q, STM32U595VJT6, STM32U595VJT6Q, STM32U595ZIT6, STM32U595ZIT6Q, STM32U595ZIY6QTR, STM32U595ZJT6, STM32U595ZJT6Q, STM32U595ZJY6QTR, STM32U599BJY6QTR, STM32U599NIH6Q, STM32U599NJH6Q, STM32U599VIT6Q, STM32U599VJT6, STM32U599VJT6Q, STM32U599ZIT6Q, STM32U599ZIY6QTR, STM32U599ZJT6Q, STM32U599ZJY6QTR, STM32U5A5AJH6, STM32U5A5AJH6Q, STM32U5A5QII3Q , STM32U5A5QJI6, STM32U5A5QJI6Q, STM32U5A5RJT6, STM32U5A5RJT6Q, STM32U5A5VJT6, STM32U5A5VJT6Q, STM32U5A5ZJT6, STM32U5A5ZJT6Q, STM32U5A5ZJY6QTR, STM32U5A9BJY6QTR, STM32U5A9J-DK, STM32U5A9NJH6Q, STM32U5A9VJT6Q, STM32U5A9ZJT6Q, STM32U5A9ZJY6QTR, STM32U5F7VIT6, STM32U5F7VIT6Q, STM32U5F7VJT6, STM32U5F7VJT6Q, STM32U5F9BJY6QTR, STM32U5F9NJH6Q, STM32U5F9VIT6Q, STM32U5F9VJT6Q, STM32U5F9ZIJ6QTR, STM32U5F9ZIT6Q, STM32U5F9ZJJ6QTR, STM32U5F9ZJT6Q, STM32U5G7VJT6, STM32U5G7VJT6Q, STM32U5G9BJY6QTR, STM32U5G9J-DK1, STM32U5G9J-DK2, STM32U5G9NJH6Q, STM32U5G9VJT6Q, STM32U5G9ZJJ6QTR, STM32U5G9ZJT6Q, STM32WB05KZV6TR, STM32WB05KZV7TR, STM32WB05TZF6TR, STM32WB05TZF7TR, STM32WB06CCF6TR, STM32WB06CCF7TR, STM32WB06CCV6TR, STM32WB06CCV7TR, STM32WB06KCV6TR, STM32WB06KCV7TR, STM32WB07CCF6TR, STM32WB07CCF7TR, STM32WB07CCV6TR, STM32WB07CCV7TR, STM32WB07KCV6TR, STM32WB07KCV7TR, STM32WB09KEV6TR, STM32WB09KEV7TR, STM32WB09TEF6TR, STM32WB09TEF7TR, STM32WB1MMCH6, STM32WBA50KGU6, STM32WBA50KGU6TR, STM32WBA52CEU6, STM32WBA52CEU6TR, STM32WBA52CEU7, STM32WBA52CEU7TR, STM32WBA52CGU6, STM32WBA52CGU6TR, STM32WBA52CGU6U, STM32WBA52CGU7, STM32WBA52CGU7TR, STM32WBA52KEU6, STM32WBA52KEU6TR, STM32WBA52KGU6, STM32WBA52KGU6TR, STM32WBA54CEU6, STM32WBA54CEU6TR, STM32WBA54CEU7, STM32WBA54CEU7TR, STM32WBA54CGU6, STM32WBA54CGU6TR, STM32WBA54CGU7, STM32WBA54CGU7TR, STM32WBA54KEU6, STM32WBA54KEU6TR, STM32WBA54KEU7, STM32WBA54KEU7TR, STM32WBA54KGU6, STM32WBA54KGU6TR, STM32WBA54KGU7, STM32WBA54KGU7TR, STM32WBA55CEU6, STM32WBA55CEU6TR, STM32WBA55CEU7, STM32WBA55CEU7TR, STM32WBA55CGU6, STM32WBA55CGU6TR, STM32WBA55CGU6U, STM32WBA55CGU7, STM32WBA55CGU7TR, STM32WBA55G-DK1, STM32WBA55HEF6, STM32WBA55HEF7, STM32WBA55HGF6, STM32WBA55HGF7, STM32WBA55UEI6, STM32WBA55UEI6TR, STM32WBA55UEI7, STM32WBA55UEI7TR, STM32WBA55UGI6, STM32WBA55UGI6TR, STM32WBA55UGI7, STM32WBA55UGI7TR, STM32WBA5MMGH6TR, STM32WBA62MGF6, STM32WBA62MIF6, STM32WBA65MGF7, STM32WBA65MIF6, STM32WBA65MIF7, STM32WL30K8V6, STM32WL30KBV6, STM32WL31C8V6, STM32WL31CBV6, STM32WL31K8V6, STM32WL31KBV6, STM32WL33C8V6, STM32WL33C8V6X, STM32WL33CBV6, STM32WL33CBV6X, STM32WL33CCV6, STM32WL33CCV6A, STM32WL33CCV6X, STM32WL33K8V7, STM32WL33K8V7X, STM32WL33KBV7 , STM32WL33KBV7X, STM32WL33KCV7, STM32WL33KCV7X, STM32WL5MOCH6, STM32WL5MOCH6TR]
2026-03-31 01:03:05,233 [INFO] ApiDb:668 - CubeFinder database Data Model version=2.1
2026-03-31 01:03:05,233 [INFO] ApiDb:669 - CubeFinder database Configuration version=3.0.42
2026-03-31 01:03:05,233 [INFO] ApiDb:670 - CubeFinder database generation date=2026-03-11 (1773229989)
2026-03-31 01:03:05,233 [INFO] ApiDb:671 - CubeFinder database FW Pack versions=[FP-ATR-ASTRA1_V2.0.0, FP-SNS-FLIGHT1_V5.1.0, FP-SNS-MOTENV1_V5.1.0, FP-SNS-MOTENVWB1_V1.5.0, FP-SNS-SMARTAG2_V1.2.0, FP-SNS-STBOX1_V2.1.0, STM32Cube_FW_C0_V1.4.0, STM32Cube_FW_F4_V1.28.3, STM32Cube_FW_F7_V1.17.4, STM32Cube_FW_G0_V1.6.3, STM32Cube_FW_G4_V1.6.2, STM32Cube_FW_H5_V1.6.0, STM32Cube_FW_H7RS_V1.3.0, STM32Cube_FW_H7_V1.13.0, STM32Cube_FW_L0_V1.12.2, STM32Cube_FW_L4_V1.18.2, STM32Cube_FW_L5_V1.6.0, STM32Cube_FW_N6_V1.3.0, STM32Cube_FW_U0_V1.3.0, STM32Cube_FW_U3_V1.3.0, STM32Cube_FW_U5_V1.8.0, STM32Cube_FW_WB0_V1.4.0, STM32Cube_FW_WBA_V1.9.0, STM32Cube_FW_WB_V1.24.0, STM32Cube_FW_WL3_V1.4.0, STM32Cube_FW_WL_V1.5.0, X-CUBE-ALGOBUILD_V1.4.0, X-CUBE-ALS_V1.0.2, X-CUBE-AZRTOS-F4_V1.1.0, X-CUBE-AZRTOS-F7_V1.1.0, X-CUBE-AZRTOS-G0_V1.1.0, X-CUBE-AZRTOS-G4_V2.0.0, X-CUBE-AZRTOS-H7RS_V1.1.0, X-CUBE-AZRTOS-H7_V3.4.0, X-CUBE-AZRTOS-L4_V2.0.0, X-CUBE-AZRTOS-L5_V2.0.0, X-CUBE-AZRTOS-WB_V2.0.0, X-CUBE-AZRTOS-WL_V2.0.0, X-CUBE-BLE1_V7.1.0, X-CUBE-BLE2_V3.3.0, X-CUBE-BLEMGR_V4.1.0, X-CUBE-EEPRMA1_V5.2.0, X-CUBE-FREERTOS_V1.5.0, X-CUBE-GNSS1_V6.0.0, X-CUBE-MEMS1_V12.0.0, X-CUBE-NFC4_V3.0.0, X-CUBE-NFC7_V2.0.0, X-CUBE-SFXS2LP1_V4.0.0, X-CUBE-ST67W61_V1.2.0, X-CUBE-SUBG2_V5.0.0, X-CUBE-TOF1_V3.4.3]
2026-03-31 01:03:07,650 [INFO] ApiDb:240 - Found 880 in-development CPN: [B-G473E-ZEST1S, B-WB1M-WPAN1, B-WBA5M-WPAN, B-WL5M-SUBG1, NUCLEO-C031C6, NUCLEO-C051C8, NUCLEO-C071RB, NUCLEO-C092RC, NUCLEO-H503RB, NUCLEO-H533RE, NUCLEO-H563ZI, NUCLEO-H7S3L8, NUCLEO-N657X0-Q, NUCLEO-U031R8, NUCLEO-U083RC, NUCLEO-U385RG-Q, NUCLEO-U545RE-Q, NUCLEO-U5A5ZJ-Q, NUCLEO-WB05KZ, NUCLEO-WB07CC, NUCLEO-WB09KE, NUCLEO-WBA52CG, NUCLEO-WBA55CG, NUCLEO-WL33CC1, NUCLEO-WL33CC2, STEVAL-PROTEUS1, STEVAL-SMARTAG2, STEVAL-STWINBX1, STM320518-EVAL, STM32C0116-DK, STM32C011D6Y3TR, STM32C011D6Y6TR, STM32C011F4P3, STM32C011F4P6, STM32C011F4U3, STM32C011F4U6TR, STM32C011F6P3, STM32C011F6P6, STM32C011F6U3, STM32C011F6U6TR, STM32C011J4M3, STM32C011J4M6, STM32C011J6M3, STM32C011J6M6, STM32C0316-DK, STM32C031C4T3, STM32C031C4T6, STM32C031C4U3, STM32C031C4U6, STM32C031C6T3, STM32C031C6T6, STM32C031C6U3, STM32C031C6U6, STM32C031F4P3, STM32C031F4P6, STM32C031F6P3, STM32C031F6P6, STM32C031G4U3, STM32C031G4U6, STM32C031G6U3, STM32C031G6U6, STM32C031K4T3, STM32C031K4T6, STM32C031K4U3, STM32C031K4U6, STM32C031K6T3, STM32C031K6T6, STM32C031K6U3, STM32C031K6U6, STM32C051C6T6, STM32C051C6U6, STM32C051C8T6, STM32C051C8U6, STM32C051D8Y6TR, STM32C051F6P6, STM32C051F8P6, STM32C051G6U6, STM32C051G8U6, STM32C051K6T6, STM32C051K6U6, STM32C051K8T6, STM32C071C8T6, STM32C071C8T6N, STM32C071C8U6, STM32C071C8U6N, STM32C071CBT6, STM32C071CBT6N, STM32C071CBU6, STM32C071CBU6N, STM32C071F8P6, STM32C071F8P6N, STM32C071FBP6, STM32C071FBP6N, STM32C071FBY6TR, STM32C071G8U6, STM32C071G8U6N, STM32C071GBU6, STM32C071GBU6N, STM32C071K8T6, STM32C071K8T6N, STM32C071K8U6, STM32C071K8U6N, STM32C071KBT6, STM32C071KBT6N, STM32C071KBU6, STM32C071KBU6N, STM32C071R8T6, STM32C071R8T6N, STM32C071RBI6N, STM32C071RBT6, STM32C071RBT6N, STM32C091CBT6, STM32C091CBU6, STM32C091CCT6, STM32C091CCU6, STM32C091ECY6TR, STM32C091FBP6, STM32C091FCP6, STM32C091GBU6, STM32C091GCU6, STM32C091KBT6, STM32C091KBU6, STM32C091KCT6, STM32C091KCU6, STM32C091RBT6, STM32C091RCI6, STM32C091RCT6, STM32C092CBT6, STM32C092CBU6, STM32C092CCT6, STM32C092CCU6, STM32C092ECY6TR, STM32C092FBP6, STM32C092FCP6, STM32C092GBU6, STM32C092GCU6, STM32C092KBT6, STM32C092KBU6, STM32C092KCT6, STM32C092KCU6, STM32C092RBT6, STM32C092RCI6, STM32C092RCT6, STM32G071K8TXN, STM32G071K8UXN, STM32G081GBU6N, STM32G081KBT6N, STM32G081KBUXN, STM32G0B1CCT6N, STM32G0B1KCT6, STM32G0B1NEY6TR, STM32G0B1RCT6N, STM32G0C1CCT6, STM32G0C1CCT6N, STM32G0C1CCU6N, STM32G0C1CET6N, STM32G0C1CEU6N, STM32G0C1KCT6, STM32G0C1NEY6TR, STM32G0C1RCI6N, STM32G0C1RCT6N, STM32G0C1REI6N, STM32G0C1RET6N, STM32G0C1VCI6, STM32G0C1VEI6, STM32G411C6T3, STM32G411C6T6, STM32G411C6U3, STM32G411C6U6, STM32G411C8T3, STM32G411C8T6, STM32G411C8U3, STM32G411C8U6, STM32G411CBT3, STM32G411CBT6, STM32G411CBU3, STM32G411CBU6, STM32G411K6T3, STM32G411K6T6, STM32G411K6U3, STM32G411K6U6, STM32G411K8T3, STM32G411K8T6, STM32G411K8U3, STM32G411K8U6, STM32G411KBT3, STM32G411KBT6, STM32G411KBU3, STM32G411KBU6, STM32G411M6T3, STM32G411M6T6, STM32G411M8T3, STM32G411M8T6, STM32G411MBT3, STM32G411MBT6, STM32G411R6T3, STM32G411R6T6, STM32G411R8T3, STM32G411R8T6, STM32G411RBT3, STM32G411RBT6, STM32G414CBT3, STM32G414CBT6, STM32G414CBU3, STM32G414CBU6, STM32G414CCT3, STM32G414CCT6, STM32G414CCU3, STM32G414CCU6, STM32G414MBT3, STM32G414MBT6, STM32G414MCT3, STM32G414MCT6, STM32G414RBT3, STM32G414RBT6, STM32G414RCT3, STM32G414RCT6, STM32G414VBT3, STM32G414VBT6, STM32G414VCT3, STM32G414VCT6, STM32G431CBT3Z, STM32G431RBT3Z, STM32G471CCT6, STM32G471CCU6, STM32G471CET3, STM32G471CET6, STM32G471CEU3, STM32G471CEU6, STM32G471MCT6, STM32G471MET3, STM32G471MET6, STM32G471MEY6TR, STM32G471QCT6, STM32G471QET3, STM32G471RCT6, STM32G471RET3, STM32G471RET6, STM32G471VCH6, STM32G471VCI6, STM32G471VCT6, STM32G471VEH3, STM32G471VEH6, STM32G471VEI3, STM32G471VEI6, STM32G471VET3, STM32G471VET6, STM32G473QET3Z, STM32G473RET3Z, STM32G474CCT6, STM32G491RET3Z, STM32H503CBT6, STM32H503CBU6, STM32H503EBY6TR, STM32H503KBU6, STM32H503RBT6, STM32H523CCT6, STM32H523CCU6, STM32H523CET6, STM32H523CEU6, STM32H523HEY6TR, STM32H523RCT6, STM32H523RET6, STM32H523VCI6, STM32H523VCT6, STM32H523VEI6, STM32H523VET6, STM32H523ZCJ6, STM32H523ZCT6, STM32H523ZEJ6, STM32H523ZET6, STM32H533CET6, STM32H533CEU6, STM32H533HEY6TR, STM32H533RET6, STM32H533VEI6, STM32H533VET6, STM32H533ZEJ6, STM32H533ZET6, STM32H562AGI6, STM32H562AII6, STM32H562IGK6, STM32H562IGT6, STM32H562IIK6, STM32H562IIT6, STM32H562RGT6, STM32H562RGV6, STM32H562RIT6, STM32H562RIV6, STM32H562VGT6, STM32H562VIT6, STM32H562ZGT6, STM32H562ZIT6, STM32H563AGI6, STM32H563AII3Q, STM32H563AII6, STM32H563IGK6, STM32H563IGT6, STM32H563IIK3Q, STM32H563IIK6, STM32H563IIT3Q, STM32H563IIT6, STM32H563MIY3QTR, STM32H563RGT6, STM32H563RGV6, STM32H563RIT6, STM32H563RIV6, STM32H563VGT6, STM32H563VIT3Q, STM32H563VIT6, STM32H563ZGT6, STM32H563ZIT3Q, STM32H563ZIT6, STM32H573AII3Q, STM32H573AII6, STM32H573I-DK, STM32H573IIK3Q, STM32H573IIK6, STM32H573IIT3Q, STM32H573IIT6, STM32H573MIY3QTR, STM32H573RIT6, STM32H573RIV6, STM32H573VIT3Q, STM32H573VIT6, STM32H573ZIT3Q, STM32H573ZIT6, STM32H7R3A8I6, STM32H7R3I8K6, STM32H7R3I8T6, STM32H7R3L8H6, STM32H7R3L8H6H, STM32H7R3R8V6, STM32H7R3V8H6, STM32H7R3V8T6, STM32H7R3V8Y6TR, STM32H7R3Z8J6, STM32H7R3Z8T6, STM32H7R7A8I6, STM32H7R7I8K6, STM32H7R7I8T6, STM32H7R7L8H6, STM32H7R7L8H6H, STM32H7R7Z8J6, STM32H7S3A8I6, STM32H7S3I8K6, STM32H7S3I8T6, STM32H7S3L8H6, STM32H7S3L8H6H, STM32H7S3R8V6, STM32H7S3V8H6, STM32H7S3V8T6, STM32H7S3V8Y6TR, STM32H7S3Z8J6, STM32H7S3Z8T6, STM32H7S78-DK, STM32H7S7A8I6, STM32H7S7I8K6, STM32H7S7I8T6, STM32H7S7L8H6, STM32H7S7L8H6H, STM32H7S7Z8J6, STM32L4R5QGI6STR, STM32MP131AAE3, STM32MP131AAF3, STM32MP131AAG3, STM32MP131CAE3, STM32MP131CAF3, STM32MP131CAG3, STM32MP131DAE7, STM32MP131DAF7, STM32MP131DAG7, STM32MP131FAE7, STM32MP131FAF7, STM32MP131FAG7, STM32MP133AAE3, STM32MP133AAF3, STM32MP133AAG3, STM32MP133CAE3, STM32MP133CAF3, STM32MP133CAG3, STM32MP133DAE7, STM32MP133DAF7, STM32MP133DAG7, STM32MP133FAE7, STM32MP133FAF7, STM32MP133FAG7, STM32MP135AAE3, STM32MP135AAF3, STM32MP135AAG3, STM32MP135CAE3, STM32MP135CAF3, STM32MP135CAG3, STM32MP135DAE7, STM32MP135DAF7, STM32MP135DAG7, STM32MP135F-DK, STM32MP135FAE7, STM32MP135FAF7, STM32MP135FAF7T, STM32MP135FAF7U, STM32MP135FAG7, STM32MP211AAL3, STM32MP211AAM3, STM32MP211AAN3, STM32MP211AAO3, STM32MP211CAL3, STM32MP211CAM3, STM32MP211CAN3, STM32MP211CAO3, STM32MP211DAL3, STM32MP211DAM3, STM32MP211DAN3, STM32MP211DAO3, STM32MP211FAL3, STM32MP211FAM3, STM32MP211FAN3, STM32MP211FAO3, STM32MP213AAL3, STM32MP213AAM3, STM32MP213AAN3, STM32MP213AAO3, STM32MP213CAL3, STM32MP213CAM3, STM32MP213CAN3, STM32MP213CAO3, STM32MP213DAL3, STM32MP213DAM3, STM32MP213DAN3, STM32MP213DAO3, STM32MP213FAL3, STM32MP213FAM3, STM32MP213FAN3, STM32MP213FAO3, STM32MP215AAL3, STM32MP215AAM3, STM32MP215AAN3, STM32MP215AAO3, STM32MP215CAL3, STM32MP215CAM3, STM32MP215CAN3, STM32MP215CAO3, STM32MP215DAL3, STM32MP215DAM3, STM32MP215DAN3, STM32MP215DAO3, STM32MP215F-DK, STM32MP215FAL3, STM32MP215FAM3, STM32MP215FAN3, STM32MP215FAO3, STM32MP231AAJ3, STM32MP231AAK3, STM32MP231AAL3, STM32MP231CAJ3, STM32MP231CAK3, STM32MP231CAL3, STM32MP231DAJ3, STM32MP231DAK3, STM32MP231DAL3, STM32MP231FAJ3, STM32MP231FAK3, STM32MP231FAL3, STM32MP233AAJ3, STM32MP233AAK3, STM32MP233AAL3, STM32MP233CAJ3, STM32MP233CAK3, STM32MP233CAL3, STM32MP233DAJ3, STM32MP233DAK3, STM32MP233DAL3, STM32MP233FAJ3, STM32MP233FAK3, STM32MP233FAL3, STM32MP235AAJ3, STM32MP235AAK3, STM32MP235AAL3, STM32MP235CAJ3, STM32MP235CAK3, STM32MP235CAL3, STM32MP235DAJ3, STM32MP235DAK3, STM32MP235DAL3, STM32MP235FAJ3, STM32MP235FAK3, STM32MP235FAL3, STM32MP251AAI3, STM32MP251AAK3, STM32MP251AAL3, STM32MP251CAI3, STM32MP251CAK3, STM32MP251CAL3, STM32MP251DAI3, STM32MP251DAK3, STM32MP251DAL3, STM32MP251FAI3, STM32MP251FAK3, STM32MP251FAL3, STM32MP253AAI3, STM32MP253AAK3, STM32MP253AAL3, STM32MP253CAI3, STM32MP253CAK3, STM32MP253CAL3, STM32MP253DAI3, STM32MP253DAK3, STM32MP253DAL3, STM32MP253FAI3, STM32MP253FAK3, STM32MP253FAL3, STM32MP255AAI3, STM32MP255AAK3, STM32MP255AAL3, STM32MP255CAI3, STM32MP255CAK3, STM32MP255CAL3, STM32MP255DAI3, STM32MP255DAK3, STM32MP255DAL3, STM32MP255FAI3, STM32MP255FAK3, STM32MP255FAL3, STM32MP257AAI3, STM32MP257AAK3, STM32MP257AAL3, STM32MP257CAI3, STM32MP257CAK3, STM32MP257CAL3, STM32MP257DAI3, STM32MP257DAK3, STM32MP257DAL3, STM32MP257F-DK, STM32MP257F-EV1, STM32MP257FAI3, STM32MP257FAK3, STM32MP257FAL3, STM32N645A0H3Q, STM32N645B0H3Q, STM32N645I0H3Q, STM32N645L0H3Q, STM32N645X0H3Q, STM32N645Z0H3Q, STM32N647A0H3Q, STM32N647B0H3Q, STM32N647I0H3Q, STM32N647L0H3Q, STM32N647X0H3Q, STM32N647Z0H3Q, STM32N655A0H3Q, STM32N655B0H3Q, STM32N655I0H3Q, STM32N655L0H3Q, STM32N655X0H3Q, STM32N655Z0H3Q, STM32N6570-DK, STM32N657A0H3Q, STM32N657B0H3Q, STM32N657I0H3Q, STM32N657L0H3Q, STM32N657X0H3Q, STM32N657Z0H3Q, STM32U031C6T6, STM32U031C6U6, STM32U031C8T6, STM32U031C8U6, STM32U031F4P6, STM32U031F6P6, STM32U031F8P6, STM32U031G6Y6TR, STM32U031G8Y6TR, STM32U031K4U6, STM32U031K6U6, STM32U031K8U6, STM32U031R6I6, STM32U031R6T6, STM32U031R8I6, STM32U031R8T6, STM32U073C8T6, STM32U073C8U6, STM32U073CBT6, STM32U073CBU6, STM32U073CCT6, STM32U073CCU6, STM32U073H8Y6TR, STM32U073HBY6TR, STM32U073HCY6TR, STM32U073K8U6, STM32U073KBU6, STM32U073KCU6, STM32U073M8I6, STM32U073M8T6, STM32U073MBI6, STM32U073MBT6, STM32U073MCI6, STM32U073MCT6, STM32U073R8I6, STM32U073R8T6, STM32U073RBI6, STM32U073RBT6, STM32U073RCI6, STM32U073RCT6, STM32U083C-DK, STM32U083CCT6, STM32U083CCU6, STM32U083HCY6TR, STM32U083KCU6, STM32U083MCI6, STM32U083MCT6, STM32U083RCI6, STM32U083RCT6, STM32U375CET6, STM32U375CET6Q, STM32U375CEU6, STM32U375CEU6Q, STM32U375CEY6QTR, STM32U375CGT6, STM32U375CGT6Q, STM32U375CGU6, STM32U375CGU6Q, STM32U375CGY6QTR, STM32U375KEU6, STM32U375KGU6, STM32U375REI6, STM32U375REI6Q, STM32U375RET6, STM32U375RET6Q, STM32U375REY6GTR, STM32U375REY6QTR, STM32U375RGI6, STM32U375RGI6Q, STM32U375RGT6, STM32U375RGT6Q, STM32U375RGY6GTR, STM32U375RGY6QTR, STM32U375VEI6, STM32U375VEI6Q, STM32U375VET6, STM32U375VET6Q, STM32U375VGI6, STM32U375VGI6Q, STM32U375VGT6, STM32U375VGT6Q, STM32U385CGT6, STM32U385CGT6Q, STM32U385CGU6, STM32U385CGU6Q, STM32U385CGY6QTR, STM32U385KGU6, STM32U385RGI6, STM32U385RGI6Q, STM32U385RGT6, STM32U385RGT6Q, STM32U385RGY6GTR, STM32U385RGY6QTR, STM32U385VGI6, STM32U385VGI6Q, STM32U385VGT6, STM32U385VGT6Q, STM32U535CBT6, STM32U535CBT6Q, STM32U535CBU6, STM32U535CBU6Q, STM32U535CCT6, STM32U535CCT6Q, STM32U535CCU6, STM32U535CCU6Q, STM32U535CET6, STM32U535CET6Q, STM32U535CEU6, STM32U535CEU6Q, STM32U535JEY6QTR, STM32U535NCY6QTR, STM32U535NEY6QTR, STM32U535RBI6, STM32U535RBI6Q, STM32U535RBT6, STM32U535RBT6Q, STM32U535RCI6, STM32U535RCI6Q, STM32U535RCT6, STM32U535RCT6Q, STM32U535REI6, STM32U535REI6Q, STM32U535RET6, STM32U535RET6Q, STM32U535VCI6, STM32U535VCI6Q, STM32U535VCT6, STM32U535VCT6Q, STM32U535VEI6, STM32U535VEI6Q, STM32U535VET6, STM32U535VET6Q, STM32U545CET6, STM32U545CET6Q, STM32U545CEU6, STM32U545CEU6Q, STM32U545JEY6QTR, STM32U545NEY6QTR, STM32U545REI6, STM32U545REI6Q, STM32U545RET6, STM32U545RET6Q, STM32U545VEI6, STM32U545VEI6Q, STM32U545VET6, STM32U545VET6Q, STM32U595AIH6, STM32U595AIH6Q, STM32U595AJH6, STM32U595AJH6Q, STM32U595QII6, STM32U595QII6Q, STM32U595QJI6, STM32U595QJI6Q, STM32U595RIT6, STM32U595RIT6Q, STM32U595RJT6, STM32U595RJT6Q, STM32U595VIT6, STM32U595VIT6Q, STM32U595VJT6, STM32U595VJT6Q, STM32U595ZIT6, STM32U595ZIT6Q, STM32U595ZIY6QTR, STM32U595ZJT6, STM32U595ZJT6Q, STM32U595ZJY6QTR, STM32U599BJY6QTR, STM32U599NIH6Q, STM32U599NJH6Q, STM32U599VIT6Q, STM32U599VJT6, STM32U599VJT6Q, STM32U599ZIT6Q, STM32U599ZIY6QTR, STM32U599ZJT6Q, STM32U599ZJY6QTR, STM32U5A5AJH6, STM32U5A5AJH6Q, STM32U5A5QII3Q , STM32U5A5QJI6, STM32U5A5QJI6Q, STM32U5A5RJT6, STM32U5A5RJT6Q, STM32U5A5VJT6, STM32U5A5VJT6Q, STM32U5A5ZJT6, STM32U5A5ZJT6Q, STM32U5A5ZJY6QTR, STM32U5A9BJY6QTR, STM32U5A9J-DK, STM32U5A9NJH6Q, STM32U5A9VJT6Q, STM32U5A9ZJT6Q, STM32U5A9ZJY6QTR, STM32U5F7VIT6, STM32U5F7VIT6Q, STM32U5F7VJT6, STM32U5F7VJT6Q, STM32U5F9BJY6QTR, STM32U5F9NJH6Q, STM32U5F9VIT6Q, STM32U5F9VJT6Q, STM32U5F9ZIJ6QTR, STM32U5F9ZIT6Q, STM32U5F9ZJJ6QTR, STM32U5F9ZJT6Q, STM32U5G7VJT6, STM32U5G7VJT6Q, STM32U5G9BJY6QTR, STM32U5G9J-DK1, STM32U5G9J-DK2, STM32U5G9NJH6Q, STM32U5G9VJT6Q, STM32U5G9ZJJ6QTR, STM32U5G9ZJT6Q, STM32WB05KZV6TR, STM32WB05KZV7TR, STM32WB05TZF6TR, STM32WB05TZF7TR, STM32WB06CCF6TR, STM32WB06CCF7TR, STM32WB06CCV6TR, STM32WB06CCV7TR, STM32WB06KCV6TR, STM32WB06KCV7TR, STM32WB07CCF6TR, STM32WB07CCF7TR, STM32WB07CCV6TR, STM32WB07CCV7TR, STM32WB07KCV6TR, STM32WB07KCV7TR, STM32WB09KEV6TR, STM32WB09KEV7TR, STM32WB09TEF6TR, STM32WB09TEF7TR, STM32WB1MMCH6, STM32WBA50KGU6, STM32WBA50KGU6TR, STM32WBA52CEU6, STM32WBA52CEU6TR, STM32WBA52CEU7, STM32WBA52CEU7TR, STM32WBA52CGU6, STM32WBA52CGU6TR, STM32WBA52CGU6U, STM32WBA52CGU7, STM32WBA52CGU7TR, STM32WBA52KEU6, STM32WBA52KEU6TR, STM32WBA52KGU6, STM32WBA52KGU6TR, STM32WBA54CEU6, STM32WBA54CEU6TR, STM32WBA54CEU7, STM32WBA54CEU7TR, STM32WBA54CGU6, STM32WBA54CGU6TR, STM32WBA54CGU7, STM32WBA54CGU7TR, STM32WBA54KEU6, STM32WBA54KEU6TR, STM32WBA54KEU7, STM32WBA54KEU7TR, STM32WBA54KGU6, STM32WBA54KGU6TR, STM32WBA54KGU7, STM32WBA54KGU7TR, STM32WBA55CEU6, STM32WBA55CEU6TR, STM32WBA55CEU7, STM32WBA55CEU7TR, STM32WBA55CGU6, STM32WBA55CGU6TR, STM32WBA55CGU6U, STM32WBA55CGU7, STM32WBA55CGU7TR, STM32WBA55G-DK1, STM32WBA55HEF6, STM32WBA55HEF7, STM32WBA55HGF6, STM32WBA55HGF7, STM32WBA55UEI6, STM32WBA55UEI6TR, STM32WBA55UEI7, STM32WBA55UEI7TR, STM32WBA55UGI6, STM32WBA55UGI6TR, STM32WBA55UGI7, STM32WBA55UGI7TR, STM32WBA5MMGH6TR, STM32WBA62MGF6, STM32WBA62MIF6, STM32WBA65MGF7, STM32WBA65MIF6, STM32WBA65MIF7, STM32WL30K8V6, STM32WL30KBV6, STM32WL31C8V6, STM32WL31CBV6, STM32WL31K8V6, STM32WL31KBV6, STM32WL33C8V6, STM32WL33C8V6X, STM32WL33CBV6, STM32WL33CBV6X, STM32WL33CCV6, STM32WL33CCV6A, STM32WL33CCV6X, STM32WL33K8V7, STM32WL33K8V7X, STM32WL33KBV7 , STM32WL33KBV7X, STM32WL33KCV7, STM32WL33KCV7X, STM32WL5MOCH6, STM32WL5MOCH6TR]
2026-03-31 01:03:07,660 [INFO] DbMcus:218 - Found 5055 MCUs, 4968 are supported
2026-03-31 01:03:07,662 [INFO] ApiDb:423 - Load user favorites file C:\Users\User/.stm32cubeide/favorites.mcus.txt: 0 item(s)
2026-03-31 01:03:07,663 [INFO] ApiDb:427 - User favorites MCUs=[]
2026-03-31 01:03:07,663 [INFO] DbMcus:224 - Set 0 / 0 favorites MCUs
2026-03-31 01:03:08,403 [INFO] BoardInfo:889 - No configuration file found for board NUCLEO-H5E5ZJ
2026-03-31 01:03:08,403 [INFO] DbBoards:161 - Board is not supported: NUCLEO-H5E5ZJ
2026-03-31 01:03:08,467 [INFO] BoardInfo:889 - No configuration file found for board NUCLEO-U3C5ZI-Q
2026-03-31 01:03:08,467 [INFO] DbBoards:161 - Board is not supported: NUCLEO-U3C5ZI-Q
2026-03-31 01:03:08,478 [INFO] BoardInfo:889 - No configuration file found for board NUCLEO-WBA25CE1
2026-03-31 01:03:08,479 [INFO] DbBoards:161 - Board is not supported: NUCLEO-WBA25CE1
2026-03-31 01:03:08,484 [INFO] BoardInfo:889 - No configuration file found for board NUCLEO-WL3RKB1
2026-03-31 01:03:08,484 [INFO] DbBoards:161 - Board is not supported: NUCLEO-WL3RKB1
2026-03-31 01:03:08,486 [INFO] BoardInfo:889 - No configuration file found for board NUCLEO-WL3RKB2
2026-03-31 01:03:08,486 [INFO] DbBoards:161 - Board is not supported: NUCLEO-WL3RKB2
2026-03-31 01:03:08,492 [INFO] BoardInfo:889 - No configuration file found for board P-NUCLEO-WB55
2026-03-31 01:03:08,492 [INFO] DbBoards:161 - Kit is not supported: P-NUCLEO-WB55
2026-03-31 01:03:08,496 [INFO] BoardInfo:889 - No configuration file found for board STEVAL-BFA001V1B
2026-03-31 01:03:08,497 [INFO] DbBoards:161 - Kit is not supported: STEVAL-BFA001V1B
2026-03-31 01:03:08,499 [INFO] BoardInfo:889 - No configuration file found for board STEVAL-BFA001V2B
2026-03-31 01:03:08,499 [INFO] DbBoards:161 - Kit is not supported: STEVAL-BFA001V2B
2026-03-31 01:03:08,569 [INFO] BoardInfo:889 - No configuration file found for board STM32H5F5J-DK
2026-03-31 01:03:08,570 [INFO] DbBoards:161 - Board is not supported: STM32H5F5J-DK
2026-03-31 01:03:08,622 [INFO] DbBoards:168 - Found 218 boards, 209 are supported
2026-03-31 01:03:08,622 [INFO] DbBoards:169 - Found 218 boards, 43 of them is supported for  Bsp
2026-03-31 01:03:08,631 [INFO] ApiDb:423 - Load user favorites file C:\Users\User/.stm32cubeide/favorites.boards.txt: 0 item(s)
2026-03-31 01:03:08,631 [INFO] ApiDb:427 - User favorites Boards=[]
2026-03-31 01:03:08,631 [INFO] DbBoards:198 - Set 0 / 0 favorites Boards
2026-03-31 01:03:08,716 [INFO] UtilMem:75 - End LoadConfig() Used Memory: 348444176 Bytes (399507456)
2026-03-31 01:03:08,911 [WARN] ThirdParty:833 - waiting for thirdparty lock release [change project]
2026-03-31 01:03:08,911 [INFO] ThirdParty:835 - entering critical section [change project]
2026-03-31 01:03:08,911 [INFO] ThirdParty:1030 - CMSIS Pack Vendor :STMicroelectronics X-CUBE-AZRTOS-H7 3.5.0
2026-03-31 01:03:08,911 [INFO] ThirdParty:1030 - CMSIS Pack Vendor :STMicroelectronics X-CUBE-PM33A1 1.0.0
2026-03-31 01:03:08,912 [INFO] ThirdParty:1030 - CMSIS Pack Vendor :STMicroelectronics USBPD 4.1
2026-03-31 01:03:08,912 [INFO] ThirdParty:1030 - CMSIS Pack Vendor :STMicroelectronics X-CUBE-NFC9 1.0.0
2026-03-31 01:03:08,912 [INFO] ThirdParty:1030 - CMSIS Pack Vendor :STMicroelectronics USB_HOST 2.0.0
2026-03-31 01:03:08,912 [INFO] ThirdParty:1030 - CMSIS Pack Vendor :STMicroelectronics X-CUBE-AZRTOS-F4 1.1.0
2026-03-31 01:03:08,912 [INFO] ThirdParty:1030 - CMSIS Pack Vendor :STMicroelectronics LIBJPEG 8.0.0
2026-03-31 01:03:08,912 [INFO] ThirdParty:1030 - CMSIS Pack Vendor :STMicroelectronics FP-ATR-ASTRA1 2.0.2
2026-03-31 01:03:08,912 [INFO] ThirdParty:1030 - CMSIS Pack Vendor :STMicroelectronics X-CUBE-BLE1 7.1.0
2026-03-31 01:03:08,912 [INFO] ThirdParty:1030 - CMSIS Pack Vendor :STMicroelectronics X-CUBE-SMBUS 2.1.0
2026-03-31 01:03:08,912 [INFO] ThirdParty:1030 - CMSIS Pack Vendor :wolfSSL I-CUBE-wolfMQTT 1.19.2
2026-03-31 01:03:08,912 [INFO] ThirdParty:1030 - CMSIS Pack Vendor :STMicroelectronics USB_DEVICE 3.0.0
2026-03-31 01:03:08,912 [INFO] ThirdParty:1030 - CMSIS Pack Vendor :STMicroelectronics X-CUBE-ISPU 2.1.0
2026-03-31 01:03:08,912 [INFO] ThirdParty:1030 - CMSIS Pack Vendor :STMicroelectronics X-CUBE-EEPRMA1 5.2.0
2026-03-31 01:03:08,912 [INFO] ThirdParty:1030 - CMSIS Pack Vendor :STMicroelectronics X-CUBE-IPS 3.2.0
2026-03-31 01:03:08,912 [INFO] ThirdParty:1030 - CMSIS Pack Vendor :STMicroelectronics X-CUBE-BLEMGR 4.1.0
2026-03-31 01:03:08,912 [INFO] ThirdParty:1030 - CMSIS Pack Vendor :STMicroelectronics X-CUBE-AZRTOS-WB 2.0.0
2026-03-31 01:03:08,912 [INFO] ThirdParty:1030 - CMSIS Pack Vendor :wolfSSL I-CUBE-wolfSSL 5.8.4
2026-03-31 01:03:08,912 [INFO] ThirdParty:1030 - CMSIS Pack Vendor :Cesanta I-CUBE-Mongoose 7.20.0
2026-03-31 01:03:08,912 [INFO] ThirdParty:1030 - CMSIS Pack Vendor :STMicroelectronics X-CUBE-NFC12 1.0.0
2026-03-31 01:03:08,912 [INFO] ThirdParty:1030 - CMSIS Pack Vendor :STMicroelectronics X-CUBE-AZRTOS-F7 1.1.0
2026-03-31 01:03:08,912 [INFO] ThirdParty:1030 - CMSIS Pack Vendor :STMicroelectronics X-CUBE-AZRTOS-L5 2.0.0
2026-03-31 01:03:08,912 [INFO] ThirdParty:1030 - CMSIS Pack Vendor :STMicroelectronics USB_DEVICE 2.0.0
2026-03-31 01:03:08,912 [INFO] ThirdParty:1030 - CMSIS Pack Vendor :quantropi X-CUBE-qispace-sdk-base 2.1.0
2026-03-31 01:03:08,912 [INFO] ThirdParty:1030 - CMSIS Pack Vendor :STMicroelectronics X-CUBE-MEMS1 12.0.0
2026-03-31 01:03:08,912 [INFO] ThirdParty:1030 - CMSIS Pack Vendor :STMicroelectronics X-CUBE-STSE01 2.0.0
2026-03-31 01:03:08,912 [INFO] ThirdParty:1030 - CMSIS Pack Vendor :STMicroelectronics FP-SNS-MOTENV1 5.1.0
2026-03-31 01:03:08,912 [INFO] ThirdParty:1030 - CMSIS Pack Vendor :STMicroelectronics FreeRTOS 0.0.1
2026-03-31 01:03:08,912 [INFO] ThirdParty:1030 - CMSIS Pack Vendor :STMicroelectronics X-CUBE-AZRTOS-G0 1.1.0
2026-03-31 01:03:08,913 [INFO] ThirdParty:1030 - CMSIS Pack Vendor :STMicroelectronics X-CUBE-NFC4 3.0.0
2026-03-31 01:03:08,913 [INFO] ThirdParty:1030 - CMSIS Pack Vendor :STMicroelectronics X-CUBE-SUBG2 5.0.0
2026-03-31 01:03:08,913 [INFO] ThirdParty:1030 - CMSIS Pack Vendor :STMicroelectronics STM32_WPAN 1.0.0
2026-03-31 01:03:08,913 [INFO] ThirdParty:1030 - CMSIS Pack Vendor :EmbeddedOffice I-CUBE-FS-RTOS 1.0.1
2026-03-31 01:03:08,913 [INFO] ThirdParty:1030 - CMSIS Pack Vendor :STMicroelectronics lwIP 2.0.3
2026-03-31 01:03:08,913 [INFO] ThirdParty:1030 - CMSIS Pack Vendor :WES I-CUBE-Cesium 1.4.0
2026-03-31 01:03:08,913 [INFO] ThirdParty:1030 - CMSIS Pack Vendor :STMicroelectronics USB_HOST 1.0.0
2026-03-31 01:03:08,913 [INFO] ThirdParty:1030 - CMSIS Pack Vendor :STMicroelectronics X-CUBE-AZRTOS-G4 2.0.0
2026-03-31 01:03:08,913 [INFO] ThirdParty:1030 - CMSIS Pack Vendor :STMicroelectronics X-CUBE-WB05N 2.0.0
2026-03-31 01:03:08,913 [INFO] ThirdParty:1030 - CMSIS Pack Vendor :STMicroelectronics PDM2PCM 3.1.0
2026-03-31 01:03:08,913 [INFO] ThirdParty:1030 - CMSIS Pack Vendor :STMicroelectronics PDM2PCM 3.3.0
2026-03-31 01:03:08,913 [INFO] ThirdParty:1030 - CMSIS Pack Vendor :wolfSSL I-CUBE-wolfTPM 3.8.0
2026-03-31 01:03:08,913 [INFO] ThirdParty:1030 - CMSIS Pack Vendor :STMicroelectronics X-CUBE-DISPLAY 3.0.0
2026-03-31 01:03:08,913 [INFO] ThirdParty:1030 - CMSIS Pack Vendor :wolfSSL I-CUBE-wolfSSH 1.4.20
2026-03-31 01:03:08,913 [INFO] ThirdParty:1030 - CMSIS Pack Vendor :STMicroelectronics X-CUBE-NFC7 2.0.0
2026-03-31 01:03:08,913 [INFO] ThirdParty:1030 - CMSIS Pack Vendor :STMicroelectronics FP-SNS-MOTENVWB1 1.5.0
2026-03-31 01:03:08,913 [INFO] ThirdParty:1030 - CMSIS Pack Vendor :STMicroelectronics X-CUBE-TCPP 4.2.0
2026-03-31 01:03:08,913 [INFO] ThirdParty:1030 - CMSIS Pack Vendor :RealThread X-CUBE-RT-Thread_Nano 4.1.1
2026-03-31 01:03:08,913 [INFO] ThirdParty:1030 - CMSIS Pack Vendor :STMicroelectronics FP-ATR-SIGFOX1 3.2.0
2026-03-31 01:03:08,913 [INFO] ThirdParty:1030 - CMSIS Pack Vendor :STMicroelectronics X-CUBE-NFC10 1.0.0
2026-03-31 01:03:08,913 [INFO] ThirdParty:1030 - CMSIS Pack Vendor :STMicroelectronics HAL Drivers 0.0.0
2026-03-31 01:03:08,913 [INFO] ThirdParty:1030 - CMSIS Pack Vendor :STMicroelectronics X-CUBE-FREERTOS 1.5.0
2026-03-31 01:03:08,913 [INFO] ThirdParty:1030 - CMSIS Pack Vendor :STMicroelectronics MBEDTLS 2.16.2
2026-03-31 01:03:08,913 [INFO] ThirdParty:1030 - CMSIS Pack Vendor :STMicroelectronics X-CUBE-ST60 1.1.0
2026-03-31 01:03:08,913 [INFO] ThirdParty:1030 - CMSIS Pack Vendor :STMicroelectronics X-CUBE-ALS 1.0.2
2026-03-31 01:03:08,913 [INFO] ThirdParty:1030 - CMSIS Pack Vendor :emotas I-CUBE-CANOPEN 1.3.0
2026-03-31 01:03:08,914 [INFO] ThirdParty:1030 - CMSIS Pack Vendor :STMicroelectronics MBEDTLS 2.14.1
2026-03-31 01:03:08,914 [INFO] ThirdParty:1030 - CMSIS Pack Vendor :STMicroelectronics X-CUBE-GNSS1 7.1.0
2026-03-31 01:03:08,914 [INFO] ThirdParty:1030 - CMSIS Pack Vendor :ITTIA_DB I-CUBE-ITTIADB 8.9.0
2026-03-31 01:03:08,914 [INFO] ThirdParty:1030 - CMSIS Pack Vendor :STMicroelectronics X-CUBE-TOUCHGFX 4.26.1
2026-03-31 01:03:08,914 [INFO] ThirdParty:1030 - CMSIS Pack Vendor :STMicroelectronics X-CUBE-NFC6 3.2.0
2026-03-31 01:03:08,914 [INFO] ThirdParty:1030 - CMSIS Pack Vendor :STMicroelectronics FP-SNS-STBOX1 2.1.0
2026-03-31 01:03:08,914 [INFO] ThirdParty:1030 - CMSIS Pack Vendor :STMicroelectronics X-CUBE-AI 10.2.0
2026-03-31 01:03:08,914 [INFO] ThirdParty:1030 - CMSIS Pack Vendor :STMicroelectronics FP-SNS-STAIOTCFT 1.0.0
2026-03-31 01:03:08,914 [INFO] ThirdParty:1030 - CMSIS Pack Vendor :STMicroelectronics ThreadX 1.0.0
2026-03-31 01:03:08,914 [INFO] ThirdParty:1030 - CMSIS Pack Vendor :STMicroelectronics FP-SNS-SMARTAG2 1.2.0
2026-03-31 01:03:08,914 [INFO] ThirdParty:1030 - CMSIS Pack Vendor :STMicroelectronics FP-SNS-FLIGHT1 5.1.0
2026-03-31 01:03:08,914 [INFO] ThirdParty:1030 - CMSIS Pack Vendor :STMicroelectronics X-CUBE-AZRTOS-WL 2.0.0
2026-03-31 01:03:08,914 [INFO] ThirdParty:1030 - CMSIS Pack Vendor :SEGGER I-CUBE-embOS 1.3.1
2026-03-31 01:03:08,914 [INFO] ThirdParty:1030 - CMSIS Pack Vendor :STMicroelectronics X-CUBE-ALGOBUILD 1.4.0
2026-03-31 01:03:08,914 [INFO] ThirdParty:1030 - CMSIS Pack Vendor :STMicroelectronics X-CUBE-DPower 1.3.0
2026-03-31 01:03:08,914 [INFO] ThirdParty:1030 - CMSIS Pack Vendor :STMicroelectronics USB_DEVICE 1.0.0
2026-03-31 01:03:08,914 [INFO] ThirdParty:1030 - CMSIS Pack Vendor :STMicroelectronics X-CUBE-AZRTOS-H7RS 1.2.0
2026-03-31 01:03:08,914 [INFO] ThirdParty:1030 - CMSIS Pack Vendor :STMicroelectronics X-CUBE-AZRTOS-L4 2.0.0
2026-03-31 01:03:08,914 [INFO] ThirdParty:1030 - CMSIS Pack Vendor :STMicroelectronics ThreadX 0.0.2
2026-03-31 01:03:08,914 [INFO] ThirdParty:1030 - CMSIS Pack Vendor :STMicroelectronics lwIP 2.1.2
2026-03-31 01:03:08,914 [INFO] ThirdParty:1030 - CMSIS Pack Vendor :STMicroelectronics X-CUBE-SFXS2LP1 4.0.0
2026-03-31 01:03:08,914 [INFO] ThirdParty:1030 - CMSIS Pack Vendor :STMicroelectronics X-CUBE-BLE2 3.3.0
2026-03-31 01:03:08,914 [INFO] ThirdParty:1030 - CMSIS Pack Vendor :Avnet-IOTCONNECT X-CUBE-iotc-st67-sdk 1.0.0
2026-03-31 01:03:08,914 [INFO] ThirdParty:1030 - CMSIS Pack Vendor :STMicroelectronics X-CUBE-TOF1 3.4.3
2026-03-31 01:03:08,915 [INFO] ThirdParty:1030 - CMSIS Pack Vendor :Infineon AIROC-Wi-Fi-Bluetooth-STM32 1.8.0
2026-03-31 01:03:08,915 [INFO] ThirdParty:1030 - CMSIS Pack Vendor :STMicroelectronics PDM2PCM 3.2.0
2026-03-31 01:03:08,915 [INFO] ThirdParty:1030 - CMSIS Pack Vendor :STMicroelectronics X-CUBE-ST67W61 1.2.0
2026-03-31 01:03:08,915 [INFO] ThirdParty:841 - exiting critical section [change project]
2026-03-31 01:03:09,458 [INFO] PinOutPanel:1589 - setPackage(No Configuration,No Configuration)
2026-03-31 01:03:09,461 [INFO] PinOutPanel:1589 - setPackage(STM32F401CCUx,UFQFPN48)
2026-03-31 01:03:10,192 [INFO] UtilMem:75 - Before build in PCC Used Memory: 256419696 Bytes (399507456)
2026-03-31 01:03:11,370 [INFO] UtilMem:75 - After build in PCC Used Memory: 355510048 Bytes (399507456)
2026-03-31 01:03:11,506 [INFO] ApiDbMcu:532 - Load IP Config File for FREERTOS
2026-03-31 01:03:11,567 [INFO] IPUIPlugin:80 - create IPUIPlugin
2026-03-31 01:03:11,568 [INFO] IPUIPlugin:80 - create IPUIPlugin
2026-03-31 01:03:11,569 [INFO] IPUIPlugin:80 - create IPUIPlugin
2026-03-31 01:03:11,570 [INFO] IPUIPlugin:80 - create IPUIPlugin
2026-03-31 01:03:11,570 [INFO] IPUIPlugin:80 - create IPUIPlugin
2026-03-31 01:03:11,570 [INFO] IPUIPlugin:80 - create IPUIPlugin
2026-03-31 01:03:11,570 [INFO] IPUIPlugin:80 - create IPUIPlugin
2026-03-31 01:03:11,571 [INFO] IPUIPlugin:80 - create IPUIPlugin
2026-03-31 01:03:11,571 [INFO] IPUIPlugin:80 - create IPUIPlugin
2026-03-31 01:03:11,571 [INFO] IPUIPlugin:80 - create IPUIPlugin
2026-03-31 01:03:11,571 [INFO] IPUIPlugin:80 - create IPUIPlugin
2026-03-31 01:03:11,571 [INFO] IPUIPlugin:80 - create IPUIPlugin
2026-03-31 01:03:11,572 [INFO] IPUIPlugin:80 - create IPUIPlugin
2026-03-31 01:03:11,572 [INFO] IPUIPlugin:80 - create IPUIPlugin
2026-03-31 01:03:11,572 [INFO] IPUIPlugin:80 - create IPUIPlugin
2026-03-31 01:03:11,572 [INFO] IPUIPlugin:80 - create IPUIPlugin
2026-03-31 01:03:11,572 [INFO] IPUIPlugin:80 - create IPUIPlugin
2026-03-31 01:03:11,573 [INFO] IPUIPlugin:80 - create IPUIPlugin
2026-03-31 01:03:11,573 [INFO] IPUIPlugin:80 - create IPUIPlugin
2026-03-31 01:03:11,573 [INFO] IPUIPlugin:80 - create IPUIPlugin
2026-03-31 01:03:11,574 [INFO] IPUIPlugin:80 - create IPUIPlugin
2026-03-31 01:03:11,574 [INFO] IPUIPlugin:80 - create IPUIPlugin
2026-03-31 01:03:11,575 [INFO] IPUIPlugin:80 - create IPUIPlugin
2026-03-31 01:03:11,576 [INFO] IPUIPlugin:80 - create IPUIPlugin
2026-03-31 01:03:11,576 [INFO] IPUIPlugin:80 - create IPUIPlugin
2026-03-31 01:03:11,576 [INFO] IPUIPlugin:80 - create IPUIPlugin
2026-03-31 01:03:11,577 [INFO] IPUIPlugin:80 - create IPUIPlugin
2026-03-31 01:03:11,577 [INFO] IPUIPlugin:80 - create IPUIPlugin
2026-03-31 01:03:11,577 [INFO] IPUIPlugin:80 - create IPUIPlugin
2026-03-31 01:03:11,577 [INFO] IPUIPlugin:80 - create IPUIPlugin
2026-03-31 01:03:11,577 [INFO] IPUIPlugin:80 - create IPUIPlugin
2026-03-31 01:03:11,578 [INFO] IPUIPlugin:80 - create IPUIPlugin
2026-03-31 01:03:11,578 [INFO] IPUIPlugin:80 - create IPUIPlugin
2026-03-31 01:03:11,578 [INFO] IPUIPlugin:80 - create IPUIPlugin
2026-03-31 01:03:11,578 [INFO] IPUIPlugin:80 - create IPUIPlugin
2026-03-31 01:03:11,579 [INFO] IPUIPlugin:80 - create IPUIPlugin
2026-03-31 01:03:11,579 [INFO] IPUIPlugin:80 - create IPUIPlugin
2026-03-31 01:03:11,596 [INFO] ApiDbMcu:532 - Load IP Config File for PDM2PCM
2026-03-31 01:03:11,647 [WARN] FreeRTOS:1023 - Null or empty value: should not occur! (nothing added to the table)
2026-03-31 01:03:11,971 [INFO] CADModel:165 - CPN selected for project levelSTM32F401CCU6
2026-03-31 01:03:11,971 [INFO] CADModel:114 - Register for checkConnection events
2026-03-31 01:03:11,974 [INFO] RtosManager:728 - Active RTOS found at IOC load: FREERTOS [Cortex-M4NS]
2026-03-31 01:03:12,058 [INFO] OpenFileManager:386 - Restore cursor
2026-03-31 01:13:19,606 [ERROR] LogOutputStream:75 - [STDERR_REDIRECT] 
2026-03-31 19:29:05,264 [INFO] Activator:176 - 


2026-03-31 19:29:05,268 [INFO] Activator:177 - !SESSION log4j initialized
2026-03-31 19:29:15,997 [INFO] LogOutputStream:77 - [STDOUT_REDIRECT] 
2026-03-31 19:29:17,728 [INFO] ApplicationProperties:184 - Using Application install path: D:\STM32CubeIDE_1.19.0\STM32CubeIDE\plugins\com.st.stm32cube.common.mx_6.15.0.202507011659
2026-03-31 19:29:17,757 [INFO] DbMcusXml:78 - Set database path to: D:\STM32CubeIDE_1.19.0\STM32CubeIDE\plugins\com.st.stm32cube.common.mx_6.15.0.202507011659\\db\/mcu/
2026-03-31 19:29:17,758 [INFO] ApiDb:274 - Set plugin database path to: D:\STM32CubeIDE_1.19.0\STM32CubeIDE\plugins\com.st.stm32cube.common.mx_6.15.0.202507011659\\db\/plugins/boardmanager/
2026-03-31 19:29:17,758 [WARN] ApiDb:259 - Overriding images path with different value:  => D:\STM32CubeIDE_1.19.0\STM32CubeIDE\plugins\com.st.stm32cube.common.mx_6.15.0.202507011659\\db\/plugins/mcufinder/images/
2026-03-31 19:29:17,777 [INFO] ApiDb:250 - Set database path to: C:\Users\User\.stmcufinder\plugins\mcufinder//mcu/
2026-03-31 19:29:17,779 [INFO] DbMcusAds:125 - Set database path to: C:\Users\User\.stmcufinder\plugins\mcufinder//mcu/
2026-03-31 19:29:17,783 [INFO] CrossReferenceDbSqlite:203 - Set database path to: C:\Users\User\.stmcufinder\plugins\mcufinder//mcu/cs/
2026-03-31 19:29:17,963 [INFO] RulesReader:64 - Compatibility file has been processed (317 Rules)
2026-03-31 19:29:18,153 [INFO] DbMcusXml:78 - Set database path to: D:\STM32CubeIDE_1.19.0\STM32CubeIDE\plugins\com.st.stm32cube.common.mx_6.15.0.202507011659\\db\/mcu/
2026-03-31 19:29:18,153 [INFO] ApiDb:274 - Set plugin database path to: D:\STM32CubeIDE_1.19.0\STM32CubeIDE\plugins\com.st.stm32cube.common.mx_6.15.0.202507011659\\db\/plugins/boardmanager/
2026-03-31 19:29:18,155 [INFO] ApiDb:261 - Set plugin images path to: D:\STM32CubeIDE_1.19.0\STM32CubeIDE\plugins\com.st.stm32cube.common.mx_6.15.0.202507011659\\db\/plugins/mcufinder/images/
2026-03-31 19:29:18,155 [WARN] DbFile:41 - Overriding database path with different value: C:\Users\User\.stmcufinder\plugins\mcufinder/ => C:\Users\User\.stmcufinder\plugins\mcufinder
2026-03-31 19:29:18,155 [INFO] ApiDb:250 - Set database path to: C:\Users\User\.stmcufinder\plugins\mcufinder//mcu/
2026-03-31 19:29:18,156 [WARN] DbFile:41 - Overriding database path with different value: C:\Users\User\.stmcufinder\plugins\mcufinder/ => C:\Users\User\.stmcufinder\plugins\mcufinder
2026-03-31 19:29:18,156 [INFO] DbMcusAds:125 - Set database path to: C:\Users\User\.stmcufinder\plugins\mcufinder//mcu/
2026-03-31 19:29:18,156 [WARN] DbFile:41 - Overriding database path with different value: C:\Users\User\.stmcufinder\plugins\mcufinder/ => C:\Users\User\.stmcufinder\plugins\mcufinder
2026-03-31 19:29:18,156 [WARN] DbFile:41 - Overriding database path with different value: C:\Users\User\.stmcufinder\plugins\mcufinder/ => C:\Users\User\.stmcufinder\plugins\mcufinder
2026-03-31 19:29:18,156 [INFO] CrossReferenceDbSqlite:203 - Set database path to: C:\Users\User\.stmcufinder\plugins\mcufinder//mcu/cs/
2026-03-31 19:29:18,295 [INFO] MainPanel:274 - HeapMemory: 268435456
2026-03-31 19:29:18,515 [INFO] DbMcusXml:78 - Set database path to: D:\STM32CubeIDE_1.19.0\STM32CubeIDE\plugins\com.st.stm32cube.common.mx_6.15.0.202507011659\\db\/mcu/
2026-03-31 19:29:18,516 [INFO] ApiDb:274 - Set plugin database path to: D:\STM32CubeIDE_1.19.0\STM32CubeIDE\plugins\com.st.stm32cube.common.mx_6.15.0.202507011659\\db\/plugins/boardmanager/
2026-03-31 19:29:18,516 [INFO] ApiDb:261 - Set plugin images path to: D:\STM32CubeIDE_1.19.0\STM32CubeIDE\plugins\com.st.stm32cube.common.mx_6.15.0.202507011659\\db\/plugins/mcufinder/images/
2026-03-31 19:29:18,518 [WARN] DbFile:41 - Overriding database path with different value: C:\Users\User\.stmcufinder\plugins\mcufinder/ => C:\Users\User\.stmcufinder\plugins\mcufinder
2026-03-31 19:29:18,518 [INFO] ApiDb:250 - Set database path to: C:\Users\User\.stmcufinder\plugins\mcufinder//mcu/
2026-03-31 19:29:18,518 [WARN] DbFile:41 - Overriding database path with different value: C:\Users\User\.stmcufinder\plugins\mcufinder/ => C:\Users\User\.stmcufinder\plugins\mcufinder
2026-03-31 19:29:18,518 [INFO] DbMcusAds:125 - Set database path to: C:\Users\User\.stmcufinder\plugins\mcufinder//mcu/
2026-03-31 19:29:18,518 [WARN] DbFile:41 - Overriding database path with different value: C:\Users\User\.stmcufinder\plugins\mcufinder/ => C:\Users\User\.stmcufinder\plugins\mcufinder
2026-03-31 19:29:18,518 [WARN] DbFile:41 - Overriding database path with different value: C:\Users\User\.stmcufinder\plugins\mcufinder/ => C:\Users\User\.stmcufinder\plugins\mcufinder
2026-03-31 19:29:18,518 [INFO] CrossReferenceDbSqlite:203 - Set database path to: C:\Users\User\.stmcufinder\plugins\mcufinder//mcu/cs/
2026-03-31 19:29:18,553 [INFO] ApplicationProperties:184 - Using Application install path: D:\STM32CubeIDE_1.19.0\STM32CubeIDE\plugins\com.st.stm32cube.common.mx_6.15.0.202507011659
2026-03-31 19:29:18,555 [INFO] PluginManage:196 - Search for loadable plugins [exclusion list=, ]
2026-03-31 19:29:18,558 [INFO] PluginManage:310 - Check plugin analytics
2026-03-31 19:29:18,872 [INFO] AnalyticsPlugin:253 - Accepted Software Licenses: 
2026-03-31 19:29:18,873 [INFO] AnalyticsPlugin:255 - Accepted CMSIS Pack Licenses: 
2026-03-31 19:29:18,874 [INFO] AnalyticsPlugin:257 - Accepted Firmware Licenses: FW.F4.1.28.0
2026-03-31 19:29:18,879 [INFO] PluginManage:359 - Loaded plugin analytics (category:tool,tabindex:-1)
2026-03-31 19:29:18,879 [INFO] PluginManage:310 - Check plugin cadmodel
2026-03-31 19:29:18,892 [INFO] CADModel:105 - Init CAD model plugin
2026-03-31 19:29:18,892 [INFO] PluginManage:359 - Loaded plugin cadmodel (category:power,tabindex:5)
2026-03-31 19:29:18,893 [INFO] PluginManage:310 - Check plugin clock
2026-03-31 19:29:18,912 [INFO] PluginManage:359 - Loaded plugin clock (category:base,tabindex:2)
2026-03-31 19:29:18,913 [INFO] PluginManage:310 - Check plugin ddr
2026-03-31 19:29:18,919 [INFO] PluginManage:359 - Loaded plugin ddr (category:tool,tabindex:6)
2026-03-31 19:29:18,920 [INFO] PluginManage:310 - Check plugin filemanager
2026-03-31 19:29:19,198 [INFO] PluginManage:359 - Loaded plugin filemanager (category:base,tabindex:10)
2026-03-31 19:29:19,198 [INFO] PluginManage:310 - Check plugin ipmanager
2026-03-31 19:29:19,212 [INFO] PluginManage:359 - Loaded plugin ipmanager (category:base,tabindex:5)
2026-03-31 19:29:19,212 [INFO] PluginManage:310 - Check plugin lpbam
2026-03-31 19:29:19,223 [INFO] PluginManage:359 - Loaded plugin lpbam (category:base,tabindex:0)
2026-03-31 19:29:19,224 [INFO] PluginManage:310 - Check plugin memorymap
2026-03-31 19:29:19,247 [INFO] PluginManage:359 - Loaded plugin memorymap (category:base,tabindex:4)
2026-03-31 19:29:19,248 [INFO] PluginManage:310 - Check plugin pinoutandconfiguration
2026-03-31 19:29:19,261 [INFO] PluginManage:359 - Loaded plugin pinoutandconfiguration (category:base,tabindex:1)
2026-03-31 19:29:19,261 [INFO] PluginManage:310 - Check plugin pinoutconfig
2026-03-31 19:29:19,432 [WARN] SupportedApi:132 - Cannot load RTOS API schema: s4s-elt-must-match.1: The content of 'definitions' must match (annotation?, (simpleType | complexType)?, (unique | key | keyref)*)). A problem was found starting at: attribute.
2026-03-31 19:29:19,674 [INFO] PluginManage:359 - Loaded plugin pinoutconfig (category:base,tabindex:0)
2026-03-31 19:29:19,674 [INFO] PluginManage:310 - Check plugin power
2026-03-31 19:29:19,693 [INFO] PluginManage:359 - Loaded plugin power (category:power,tabindex:4)
2026-03-31 19:29:19,694 [INFO] PluginManage:310 - Check plugin projectmanager
2026-03-31 19:29:19,725 [INFO] PluginManage:359 - Loaded plugin projectmanager (category:projectmanager,tabindex:4)
2026-03-31 19:29:19,725 [INFO] PluginManage:310 - Check plugin rif
2026-03-31 19:29:19,744 [INFO] PluginManage:359 - Loaded plugin rif (category:base,tabindex:3)
2026-03-31 19:29:19,744 [INFO] PluginManage:310 - Check plugin thirdparty
2026-03-31 19:29:20,016 [INFO] PluginManage:359 - Loaded plugin thirdparty (category:base,tabindex:-1)
2026-03-31 19:29:20,016 [WARN] IntegrityCheckThread:84 - waiting for thirdparty lock release [integrity check]
2026-03-31 19:29:20,017 [INFO] PluginManage:310 - Check plugin tools
2026-03-31 19:29:20,017 [INFO] IntegrityCheckThread:86 - entering critical section [integrity check]
2026-03-31 19:29:20,018 [INFO] ThirdPartyUpdaterWithRetryManager:70 - Updater plugin not ready yet. [1/15]
2026-03-31 19:29:20,023 [INFO] PluginManage:359 - Loaded plugin tools (category:base,tabindex:7)
2026-03-31 19:29:20,024 [INFO] PluginManage:310 - Check plugin tutovideos
2026-03-31 19:29:20,439 [INFO] PluginManage:359 - Loaded plugin tutovideos (category:base,tabindex:-1)
2026-03-31 19:29:20,439 [INFO] PluginManage:310 - Check plugin updater
2026-03-31 19:29:20,469 [INFO] PluginManage:359 - Loaded plugin updater (category:base,tabindex:12)
2026-03-31 19:29:20,469 [INFO] PluginManage:310 - Check plugin userauth
2026-03-31 19:29:20,477 [INFO] UserAuth:118 - Init User Auth plugin
2026-03-31 19:29:20,479 [INFO] PluginManage:359 - Loaded plugin userauth (category:base,tabindex:14)
2026-03-31 19:29:20,479 [INFO] PluginManage:283 - PluginManage : Loaded plugins [18]
2026-03-31 19:29:20,879 [INFO] PinOutPanel:1589 - setPackage(No Configuration,No Configuration)
2026-03-31 19:29:21,058 [INFO] CADModel:165 - CPN selected for project level
2026-03-31 19:29:21,058 [INFO] CADModel:114 - Register for checkConnection events
2026-03-31 19:29:21,090 [INFO] IPUIPlugin:80 - create IPUIPlugin
2026-03-31 19:29:21,090 [INFO] PluginManager:220 - loadIPPluginJar : add adc
2026-03-31 19:29:21,095 [INFO] IPUIPlugin:80 - create IPUIPlugin
2026-03-31 19:29:21,095 [INFO] PluginManager:220 - loadIPPluginJar : add aes
2026-03-31 19:29:21,099 [INFO] IPUIPlugin:80 - create IPUIPlugin
2026-03-31 19:29:21,100 [INFO] PluginManager:220 - loadIPPluginJar : add can
2026-03-31 19:29:21,104 [INFO] IPUIPlugin:80 - create IPUIPlugin
2026-03-31 19:29:21,104 [INFO] PluginManager:220 - loadIPPluginJar : add comp
2026-03-31 19:29:21,109 [INFO] IPUIPlugin:80 - create IPUIPlugin
2026-03-31 19:29:21,109 [INFO] PluginManager:220 - loadIPPluginJar : add cryp
2026-03-31 19:29:21,117 [INFO] IPUIPlugin:80 - create IPUIPlugin
2026-03-31 19:29:21,117 [INFO] PluginManager:220 - loadIPPluginJar : add ddr_ctrl_phy
2026-03-31 19:29:21,148 [INFO] IPUIPlugin:80 - create IPUIPlugin
2026-03-31 19:29:21,148 [INFO] PluginManager:220 - loadIPPluginJar : add dfsdm
2026-03-31 19:29:21,157 [INFO] IPUIPlugin:80 - create IPUIPlugin
2026-03-31 19:29:21,159 [INFO] PluginManager:220 - loadIPPluginJar : add dma
2026-03-31 19:29:21,164 [INFO] IPUIPlugin:80 - create IPUIPlugin
2026-03-31 19:29:21,164 [INFO] PluginManager:220 - loadIPPluginJar : add dma3
2026-03-31 19:29:21,173 [INFO] IPUIPlugin:80 - create IPUIPlugin
2026-03-31 19:29:21,173 [INFO] PluginManager:220 - loadIPPluginJar : add extmemmanager
2026-03-31 19:29:21,176 [INFO] IPUIPlugin:80 - create IPUIPlugin
2026-03-31 19:29:21,176 [INFO] PluginManager:220 - loadIPPluginJar : add fatfs
2026-03-31 19:29:21,185 [INFO] IPUIPlugin:80 - create IPUIPlugin
2026-03-31 19:29:21,185 [INFO] PluginManager:220 - loadIPPluginJar : add fmc
2026-03-31 19:29:21,196 [INFO] IPUIPlugin:80 - create IPUIPlugin
2026-03-31 19:29:21,196 [INFO] PluginManager:220 - loadIPPluginJar : add freertos
2026-03-31 19:29:21,199 [INFO] IPUIPlugin:80 - create IPUIPlugin
2026-03-31 19:29:21,199 [INFO] PluginManager:220 - loadIPPluginJar : add genericplugin
2026-03-31 19:29:21,203 [INFO] IPUIPlugin:80 - create IPUIPlugin
2026-03-31 19:29:21,203 [INFO] PluginManager:220 - loadIPPluginJar : add gfxmmu
2026-03-31 19:29:21,210 [INFO] IPUIPlugin:80 - create IPUIPlugin
2026-03-31 19:29:21,210 [INFO] PluginManager:220 - loadIPPluginJar : add gic
2026-03-31 19:29:21,218 [INFO] IPUIPlugin:80 - create IPUIPlugin
2026-03-31 19:29:21,218 [INFO] PluginManager:220 - loadIPPluginJar : add gpio
2026-03-31 19:29:21,225 [INFO] IPUIPlugin:80 - create IPUIPlugin
2026-03-31 19:29:21,225 [INFO] PluginManager:220 - loadIPPluginJar : add gtzc
2026-03-31 19:29:21,230 [INFO] IPUIPlugin:80 - create IPUIPlugin
2026-03-31 19:29:21,230 [INFO] PluginManager:220 - loadIPPluginJar : add hash
2026-03-31 19:29:21,236 [INFO] IPUIPlugin:80 - create IPUIPlugin
2026-03-31 19:29:21,236 [INFO] PluginManager:220 - loadIPPluginJar : add i2c
2026-03-31 19:29:21,240 [INFO] IPUIPlugin:80 - create IPUIPlugin
2026-03-31 19:29:21,241 [INFO] PluginManager:220 - loadIPPluginJar : add i2s
2026-03-31 19:29:21,247 [INFO] IPUIPlugin:80 - create IPUIPlugin
2026-03-31 19:29:21,247 [INFO] PluginManager:220 - loadIPPluginJar : add i3c
2026-03-31 19:29:21,255 [INFO] IPUIPlugin:80 - create IPUIPlugin
2026-03-31 19:29:21,255 [INFO] PluginManager:220 - loadIPPluginJar : add ipddr
2026-03-31 19:29:21,267 [INFO] IPUIPlugin:80 - create IPUIPlugin
2026-03-31 19:29:21,267 [INFO] PluginManager:220 - loadIPPluginJar : add linkedlist
2026-03-31 19:29:21,271 [INFO] IPUIPlugin:80 - create IPUIPlugin
2026-03-31 19:29:21,271 [INFO] PluginManager:220 - loadIPPluginJar : add lorawan
2026-03-31 19:29:21,275 [INFO] IPUIPlugin:80 - create IPUIPlugin
2026-03-31 19:29:21,276 [INFO] PluginManager:220 - loadIPPluginJar : add ltdc
2026-03-31 19:29:21,289 [INFO] IPUIPlugin:80 - create IPUIPlugin
2026-03-31 19:29:21,289 [INFO] PluginManager:220 - loadIPPluginJar : add mdma
2026-03-31 19:29:21,296 [INFO] IPUIPlugin:80 - create IPUIPlugin
2026-03-31 19:29:21,296 [INFO] PluginManager:220 - loadIPPluginJar : add nvic
2026-03-31 19:29:21,302 [INFO] IPUIPlugin:80 - create IPUIPlugin
2026-03-31 19:29:21,303 [INFO] PluginManager:220 - loadIPPluginJar : add opamp
2026-03-31 19:29:21,312 [INFO] IPUIPlugin:80 - create IPUIPlugin
2026-03-31 19:29:21,312 [INFO] PluginManager:220 - loadIPPluginJar : add openamp
2026-03-31 19:29:21,321 [INFO] IPUIPlugin:80 - create IPUIPlugin
2026-03-31 19:29:21,321 [INFO] PluginManager:220 - loadIPPluginJar : add pdm2pcm
2026-03-31 19:29:21,331 [INFO] IPUIPlugin:80 - create IPUIPlugin
2026-03-31 19:29:21,335 [INFO] PluginManager:220 - loadIPPluginJar : add plateformsettings
2026-03-31 19:29:21,338 [INFO] IPUIPlugin:80 - create IPUIPlugin
2026-03-31 19:29:21,339 [INFO] PluginManager:220 - loadIPPluginJar : add quadspi
2026-03-31 19:29:21,343 [INFO] IPUIPlugin:80 - create IPUIPlugin
2026-03-31 19:29:21,344 [INFO] PluginManager:220 - loadIPPluginJar : add radio
2026-03-31 19:29:21,351 [INFO] IPUIPlugin:80 - create IPUIPlugin
2026-03-31 19:29:21,351 [INFO] PluginManager:220 - loadIPPluginJar : add resmgrutility
2026-03-31 19:29:21,358 [INFO] IPUIPlugin:80 - create IPUIPlugin
2026-03-31 19:29:21,359 [INFO] PluginManager:220 - loadIPPluginJar : add sai
2026-03-31 19:29:21,364 [INFO] IPUIPlugin:80 - create IPUIPlugin
2026-03-31 19:29:21,365 [INFO] PluginManager:220 - loadIPPluginJar : add spi
2026-03-31 19:29:21,376 [INFO] IPUIPlugin:80 - create IPUIPlugin
2026-03-31 19:29:21,377 [INFO] PluginManager:220 - loadIPPluginJar : add stm32_wpan
2026-03-31 19:29:21,381 [INFO] IPUIPlugin:80 - create IPUIPlugin
2026-03-31 19:29:21,381 [INFO] PluginManager:220 - loadIPPluginJar : add tim
2026-03-31 19:29:21,390 [INFO] IPUIPlugin:80 - create IPUIPlugin
2026-03-31 19:29:21,390 [INFO] PluginManager:220 - loadIPPluginJar : add touchsensing
2026-03-31 19:29:21,396 [INFO] IPUIPlugin:80 - create IPUIPlugin
2026-03-31 19:29:21,396 [INFO] PluginManager:220 - loadIPPluginJar : add tracer_emb
2026-03-31 19:29:21,401 [INFO] IPUIPlugin:80 - create IPUIPlugin
2026-03-31 19:29:21,401 [INFO] PluginManager:220 - loadIPPluginJar : add ts
2026-03-31 19:29:21,406 [INFO] IPUIPlugin:80 - create IPUIPlugin
2026-03-31 19:29:21,406 [INFO] PluginManager:220 - loadIPPluginJar : add tsc
2026-03-31 19:29:21,410 [INFO] IPUIPlugin:80 - create IPUIPlugin
2026-03-31 19:29:21,410 [INFO] PluginManager:220 - loadIPPluginJar : add ucpd
2026-03-31 19:29:21,416 [INFO] IPUIPlugin:80 - create IPUIPlugin
2026-03-31 19:29:21,416 [INFO] PluginManager:220 - loadIPPluginJar : add usart
2026-03-31 19:29:21,423 [INFO] IPUIPlugin:80 - create IPUIPlugin
2026-03-31 19:29:21,423 [INFO] PluginManager:220 - loadIPPluginJar : add usbx
2026-03-31 19:29:21,623 [FATAL] Updater:351 - Updater called before beeing initialized
2026-03-31 19:29:21,663 [INFO] RulesReader:64 - Compatibility file has been processed (317 Rules)
2026-03-31 19:29:21,688 [INFO] RulesReader:64 - Compatibility file has been processed (317 Rules)
2026-03-31 19:29:21,706 [INFO] CADModel:165 - CPN selected for project level
2026-03-31 19:29:21,707 [INFO] CADModel:114 - Register for checkConnection events
2026-03-31 19:29:21,707 [FATAL] Updater:351 - Updater called before beeing initialized
2026-03-31 19:29:21,707 [ERROR] CADModel:125 - Updater not yet initialized, retry later 
2026-03-31 19:29:22,005 [FATAL] Updater:351 - Updater called before beeing initialized
2026-03-31 19:29:22,009 [INFO] CADModel:165 - CPN selected for project level
2026-03-31 19:29:22,009 [INFO] CADModel:114 - Register for checkConnection events
2026-03-31 19:29:22,009 [FATAL] Updater:351 - Updater called before beeing initialized
2026-03-31 19:29:22,009 [ERROR] CADModel:125 - Updater not yet initialized, retry later 
2026-03-31 19:29:22,016 [FATAL] Updater:351 - Updater called before beeing initialized
2026-03-31 19:29:22,248 [FATAL] Updater:351 - Updater called before beeing initialized
2026-03-31 19:29:22,253 [INFO] DbMcusAds:53 - JSON generation date=Thu Mar 05 21:32:52 ICT 2026 (1772721172610)
2026-03-31 19:29:22,253 [FATAL] Updater:351 - Updater called before beeing initialized
2026-03-31 19:29:22,313 [WARN] DetailPanel:346 - Failed to get advertising image, set to default
2026-03-31 19:29:22,424 [FATAL] Updater:351 - Updater called before beeing initialized
2026-03-31 19:29:22,426 [FATAL] Updater:351 - Updater called before beeing initialized
2026-03-31 19:29:22,426 [FATAL] Updater:351 - Updater called before beeing initialized
2026-03-31 19:29:22,426 [WARN] DetailPanel:346 - Failed to get advertising image, set to default
2026-03-31 19:29:22,428 [FATAL] Updater:351 - Updater called before beeing initialized
2026-03-31 19:29:22,520 [ERROR] Updater:1198 - MainUpdater not yet initialized. External WinMGr cannot be set.
2026-03-31 19:29:22,523 [INFO] Updater:1134 - Updater Version found : 6.15.0
2026-03-31 19:29:22,553 [INFO] ApplicationProperties:184 - Using Application install path: D:\STM32CubeIDE_1.19.0\STM32CubeIDE\plugins\com.st.stm32cube.common.mx_6.15.0.202507011659
2026-03-31 19:29:23,024 [INFO] ThirdPartyUpdaterWithRetryManager:70 - Updater plugin not ready yet. [2/15]
2026-03-31 19:29:23,374 [INFO] MainUpdater:2872 - connection check result : 10
2026-03-31 19:29:23,375 [INFO] MainUpdater:289 - Updater Check For Update Now.
2026-03-31 19:29:23,376 [INFO] MicroXplorer:498 - Change Database Version : DB.6.0.150
2026-03-31 19:29:23,383 [INFO] McuFinderGlobals:63 - Set McuFinder mode to 2 (CubeIDE integrated)
2026-03-31 19:29:23,384 [INFO] UserAuth:171 - activating auth plugin
2026-03-31 19:29:23,389 [INFO] UserAuth:487 - Internet connection configuration mode: 1
2026-03-31 19:29:23,436 [INFO] JxBrowserEngine:152 - Initiate JxBrowser Engine with user profile folder
2026-03-31 19:29:23,607 [INFO] CheckServerUpdateThread:120 - End of CheckServer Thread
2026-03-31 19:29:24,951 [INFO] WebApp:169 - Instantiating new browser for Auth
2026-03-31 19:29:26,639 [INFO] WebApp:463 - Apply proxy settings
2026-03-31 19:29:26,641 [INFO] WebApp:548 - Chromium requires no authentication
2026-03-31 19:29:26,674 [INFO] WebApp:491 - Direct internet connection detected
2026-03-31 19:29:26,731 [INFO] WebApp:900 - Register for checkConnection events
2026-03-31 19:29:26,735 [INFO] WebApp:463 - Apply proxy settings
2026-03-31 19:29:26,737 [INFO] WebApp:548 - Chromium requires no authentication
2026-03-31 19:29:26,739 [INFO] WebApp:491 - Direct internet connection detected
2026-03-31 19:29:27,101 [INFO] WebApp:191 - Connection restablished
2026-03-31 19:29:27,477 [WARN] PackLoader:240 - Cannot read IP mode file for STMicroelectronics.X-CUBE-AZRTOS-H7.3.5.0
2026-03-31 19:29:27,507 [INFO] WebApp:225 - Starting web application
2026-03-31 19:29:27,510 [INFO] WebApp:593 - Web application path used D:\STM32CubeIDE_1.19.0\STM32CubeIDE\plugins\com.st.stm32cube.common.mx_6.15.0.202507011659\db\plugins\mcufinder\reactClient1\index.html
2026-03-31 19:29:27,561 [WARN] PackLoader:240 - Cannot read IP mode file for STMicroelectronics.FP-ATR-ASTRA1.2.0.2
2026-03-31 19:29:27,665 [WARN] PackLoader:240 - Cannot read IP mode file for STMicroelectronics.X-CUBE-SMBUS.2.1.0
2026-03-31 19:29:27,735 [WARN] PackLoader:240 - Cannot read IP mode file for STMicroelectronics.X-CUBE-AZRTOS-F7.1.1.0
2026-03-31 19:29:27,810 [WARN] PackLoader:240 - Cannot read IP mode file for STMicroelectronics.FP-SNS-MOTENV1.5.1.0
2026-03-31 19:29:27,883 [WARN] PackLoader:240 - Cannot read IP mode file for WES.I-CUBE-Cesium.1.4.0
2026-03-31 19:29:27,928 [WARN] PackLoader:240 - Cannot read IP mode file for STMicroelectronics.X-CUBE-DISPLAY.3.0.0
2026-03-31 19:29:27,971 [WARN] PackLoader:240 - Cannot read IP mode file for STMicroelectronics.FP-SNS-MOTENVWB1.1.5.0
2026-03-31 19:29:28,036 [WARN] PackLoader:240 - Cannot read IP mode file for STMicroelectronics.X-CUBE-NFC10.1.0.0
2026-03-31 19:29:28,112 [WARN] PackLoader:240 - Cannot read IP mode file for STMicroelectronics.X-CUBE-ST60.1.1.0
2026-03-31 19:29:28,156 [WARN] PackLoader:240 - Cannot read IP mode file for emotas.I-CUBE-CANOPEN.1.3.0
2026-03-31 19:29:28,206 [WARN] PackLoader:240 - Cannot read IP mode file for STMicroelectronics.X-CUBE-GNSS1.7.1.0
2026-03-31 19:29:28,272 [WARN] PackLoader:240 - Cannot read IP mode file for STMicroelectronics.FP-SNS-STBOX1.2.1.0
2026-03-31 19:29:28,317 [WARN] PackLoader:240 - Cannot read IP mode file for STMicroelectronics.FP-SNS-SMARTAG2.1.2.0
2026-03-31 19:29:28,334 [WARN] PackLoader:240 - Cannot read IP mode file for STMicroelectronics.FP-SNS-FLIGHT1.5.1.0
2026-03-31 19:29:28,369 [INFO] LogOutputStream:77 - [STDOUT_REDIRECT] 1 : Invalid condition id : UX_CORESTACK_Condition cause : null
2026-03-31 19:29:28,372 [INFO] LogOutputStream:77 - [STDOUT_REDIRECT] 1 : Invalid condition id : UX_CORESTACK_Condition cause : null
2026-03-31 19:29:28,376 [INFO] LogOutputStream:77 - [STDOUT_REDIRECT] 1 : Invalid condition id : UX_CORESTACK_Condition cause : null
2026-03-31 19:29:28,381 [INFO] LogOutputStream:77 - [STDOUT_REDIRECT] 1 : Invalid condition id : UX_CORESTACK_Condition cause : null
2026-03-31 19:29:28,387 [INFO] LogOutputStream:77 - [STDOUT_REDIRECT] 1 : Invalid condition id : UX_CORESTACK_Condition cause : null
2026-03-31 19:29:28,410 [WARN] PackLoader:240 - Cannot read IP mode file for STMicroelectronics.X-CUBE-AZRTOS-WL.2.0.0
2026-03-31 19:29:28,553 [WARN] PackLoader:240 - Cannot read IP mode file for STMicroelectronics.X-CUBE-AZRTOS-H7RS.1.2.0
2026-03-31 19:29:28,607 [WARN] PackLoader:240 - Cannot read IP mode file for STMicroelectronics.X-CUBE-BLE2.3.3.0
2026-03-31 19:29:28,901 [WARN] PackLoader:240 - Cannot read IP mode file for Infineon.AIROC-Wi-Fi-Bluetooth-STM32.1.8.0
2026-03-31 19:29:28,935 [WARN] PackLoader:240 - Cannot read IP mode file for STMicroelectronics.X-CUBE-NFC9.1.0.0
2026-03-31 19:29:29,020 [WARN] PackLoader:240 - Cannot read IP mode file for STMicroelectronics.X-CUBE-BLE1.7.1.0
2026-03-31 19:29:29,058 [WARN] PackLoader:240 - Cannot read IP mode file for wolfSSL.I-CUBE-wolfMQTT.1.19.2
2026-03-31 19:29:29,097 [WARN] PackLoader:240 - Cannot read IP mode file for STMicroelectronics.X-CUBE-EEPRMA1.5.2.0
2026-03-31 19:29:29,138 [WARN] PackLoader:240 - Cannot read IP mode file for wolfSSL.I-CUBE-wolfSSL.5.8.4
2026-03-31 19:29:29,242 [WARN] PackLoader:240 - Cannot read IP mode file for Cesanta.I-CUBE-Mongoose.7.20.0
2026-03-31 19:29:29,493 [WARN] PackLoader:240 - Cannot read IP mode file for STMicroelectronics.X-CUBE-MEMS1.12.0.0
2026-03-31 19:29:30,085 [WARN] PackLoader:240 - Cannot read IP mode file for STMicroelectronics.X-CUBE-AZRTOS-G0.1.1.0
2026-03-31 19:29:30,121 [WARN] PackLoader:240 - Cannot read IP mode file for STMicroelectronics.X-CUBE-NFC4.3.0.0
2026-03-31 19:29:30,248 [WARN] PackLoader:240 - Cannot read IP mode file for EmbeddedOffice.I-CUBE-FS-RTOS.1.0.1
2026-03-31 19:29:30,318 [WARN] PackLoader:240 - Cannot read IP mode file for STMicroelectronics.X-CUBE-WB05N.2.0.0
2026-03-31 19:29:30,363 [WARN] PackLoader:240 - Cannot read IP mode file for wolfSSL.I-CUBE-wolfTPM.3.8.0
2026-03-31 19:29:30,411 [WARN] PackLoader:240 - Cannot read IP mode file for STMicroelectronics.X-CUBE-TCPP.4.2.0
2026-03-31 19:29:30,529 [WARN] PackLoader:240 - Cannot read IP mode file for RealThread.X-CUBE-RT-Thread_Nano.4.1.1
2026-03-31 19:29:30,567 [WARN] PackLoader:240 - Cannot read IP mode file for STMicroelectronics.FP-ATR-SIGFOX1.3.2.0
2026-03-31 19:29:30,599 [WARN] PackLoader:240 - Cannot read IP mode file for STMicroelectronics.X-CUBE-FREERTOS.1.5.0
2026-03-31 19:29:30,632 [WARN] PackLoader:240 - Cannot read IP mode file for ITTIA_DB.I-CUBE-ITTIADB.8.9.0
2026-03-31 19:29:30,831 [WARN] PackLoader:240 - Cannot read IP mode file for STMicroelectronics.X-CUBE-NFC6.3.2.0
2026-03-31 19:29:30,855 [WARN] PackLoader:240 - Cannot read IP mode file for STMicroelectronics.X-CUBE-AI.10.2.0
2026-03-31 19:29:30,966 [WARN] PackLoader:240 - Cannot read IP mode file for SEGGER.I-CUBE-embOS.1.3.1
2026-03-31 19:29:31,164 [WARN] PackLoader:240 - Cannot read IP mode file for STMicroelectronics.X-CUBE-ALGOBUILD.1.4.0
2026-03-31 19:29:31,226 [WARN] PackLoader:240 - Cannot read IP mode file for STMicroelectronics.X-CUBE-PM33A1.1.0.0
2026-03-31 19:29:31,261 [WARN] PackLoader:240 - Cannot read IP mode file for STMicroelectronics.X-CUBE-AZRTOS-F4.1.1.0
2026-03-31 19:29:31,280 [WARN] PackLoader:240 - Cannot read IP mode file for STMicroelectronics.X-CUBE-ISPU.2.1.0
2026-03-31 19:29:31,324 [WARN] PackLoader:240 - Cannot read IP mode file for STMicroelectronics.X-CUBE-IPS.3.2.0
2026-03-31 19:29:31,485 [WARN] PackLoader:240 - Cannot read IP mode file for STMicroelectronics.X-CUBE-NFC12.1.0.0
2026-03-31 19:29:31,558 [WARN] PackLoader:240 - Cannot read IP mode file for STMicroelectronics.X-CUBE-AZRTOS-L5.2.0.0
2026-03-31 19:29:31,597 [WARN] PackLoader:240 - Cannot read IP mode file for STMicroelectronics.X-CUBE-TOUCHGFX.4.26.1
2026-03-31 19:29:31,758 [WARN] PackLoader:240 - Cannot read IP mode file for STMicroelectronics.FP-SNS-STAIOTCFT.1.0.0
2026-03-31 19:29:31,781 [WARN] PackLoader:240 - Cannot read IP mode file for STMicroelectronics.X-CUBE-DPower.1.3.0
2026-03-31 19:29:31,923 [WARN] ConditionMgr:438 - getConditionDescription Invalid condition id : LAN8742 Phy interface Condition cause : null
2026-03-31 19:29:31,925 [WARN] PackLoader:240 - Cannot read IP mode file for STMicroelectronics.X-CUBE-AZRTOS-L4.2.0.0
2026-03-31 19:29:31,931 [WARN] ConditionMgr:1044 - genDependencies : Invalid condition id : LAN8742 Phy interface Condition cause : null
2026-03-31 19:29:31,945 [WARN] ConditionMgr:1044 - genDependencies : Invalid condition id : LAN8742 Phy interface Condition cause : null
2026-03-31 19:29:31,946 [WARN] ConditionMgr:1044 - genDependencies : Invalid condition id : LAN8742 Phy interface Condition cause : null
2026-03-31 19:29:31,995 [WARN] PackLoader:240 - Cannot read IP mode file for STMicroelectronics.X-CUBE-SFXS2LP1.4.0.0
2026-03-31 19:29:32,040 [WARN] PackLoader:240 - Cannot read IP mode file for STMicroelectronics.X-CUBE-ST67W61.1.2.0
2026-03-31 19:29:32,111 [WARN] PackLoader:240 - Cannot read IP mode file for STMicroelectronics.X-CUBE-BLEMGR.4.1.0
2026-03-31 19:29:32,277 [WARN] ConditionMgr:438 - getConditionDescription Invalid condition id : UX DEVICE CLASS RTOS Condition cause : null
2026-03-31 19:29:32,279 [WARN] ConditionMgr:438 - getConditionDescription Invalid condition id : UX DEVICE CLASS RTOS Condition cause : null
2026-03-31 19:29:32,305 [WARN] PackLoader:240 - Cannot read IP mode file for STMicroelectronics.X-CUBE-AZRTOS-WB.2.0.0
2026-03-31 19:29:32,320 [WARN] ConditionMgr:1044 - genDependencies : Invalid condition id : UX DEVICE CLASS RTOS Condition cause : null
2026-03-31 19:29:32,322 [WARN] ConditionMgr:1044 - genDependencies : Invalid condition id : UX DEVICE CLASS RTOS Condition cause : null
2026-03-31 19:29:32,327 [WARN] ConditionMgr:1044 - genDependencies : Invalid condition id : UX DEVICE CLASS RTOS Condition cause : null
2026-03-31 19:29:32,375 [WARN] ConditionMgr:1044 - genDependencies : Invalid condition id : UX DEVICE CLASS RTOS Condition cause : null
2026-03-31 19:29:32,375 [WARN] ConditionMgr:1044 - genDependencies : Invalid condition id : UX DEVICE CLASS RTOS Condition cause : null
2026-03-31 19:29:32,474 [WARN] ConditionMgr:438 - getConditionDescription Invalid condition id : Cortex-A Device cause : null
2026-03-31 19:29:32,523 [WARN] ConditionMgr:1044 - genDependencies : Invalid condition id : Cortex-A Device cause : null
2026-03-31 19:29:32,524 [WARN] ConditionMgr:1044 - genDependencies : Invalid condition id : Cortex-A Device cause : null
2026-03-31 19:29:32,526 [WARN] ConditionMgr:1044 - genDependencies : Invalid condition id : Cortex-A Device cause : null
2026-03-31 19:29:32,543 [WARN] PackLoader:240 - Cannot read IP mode file for STMicroelectronics.X-CUBE-STSE01.2.0.0
2026-03-31 19:29:32,606 [WARN] PackLoader:240 - Cannot read IP mode file for STMicroelectronics.X-CUBE-SUBG2.5.0.0
2026-03-31 19:29:32,667 [WARN] PackLoader:240 - Cannot read IP mode file for STMicroelectronics.X-CUBE-AZRTOS-G4.2.0.0
2026-03-31 19:29:32,703 [WARN] PackLoader:240 - Cannot read IP mode file for wolfSSL.I-CUBE-wolfSSH.1.4.20
2026-03-31 19:29:32,746 [WARN] PackLoader:240 - Cannot read IP mode file for STMicroelectronics.X-CUBE-NFC7.2.0.0
2026-03-31 19:29:32,774 [WARN] PackLoader:240 - Cannot read IP mode file for STMicroelectronics.X-CUBE-ALS.1.0.2
2026-03-31 19:29:32,807 [WARN] PackLoader:240 - Cannot read IP mode file for STMicroelectronics.X-CUBE-TOF1.3.4.3
2026-03-31 19:29:32,828 [INFO] ThirdParty:978 - Integrity check success = true
2026-03-31 19:29:32,829 [INFO] IntegrityCheckThread:100 - exiting critical section [integrity check]
2026-03-31 19:29:32,834 [INFO] IntegrityCheckThread:103 - End integrity checks thread
2026-03-31 21:06:06,553 [INFO] McuFinderGlobals:63 - Set McuFinder mode to 2 (CubeIDE integrated)
2026-03-31 21:06:06,625 [INFO] MainUpdater:2872 - connection check result : 10
2026-03-31 21:06:06,628 [INFO] MainUpdater:2872 - connection check result : 10
2026-03-31 21:06:07,026 [INFO] MicroXplorer:468 - Change Database Path : 
2026-03-31 21:06:07,027 [INFO] MicroXplorer:498 - Change Database Version : DB.6.0.150
2026-03-31 21:06:07,087 [WARN] ThirdParty:871 - waiting for thirdparty lock release [close project]
2026-03-31 21:06:07,088 [INFO] ThirdParty:873 - entering critical section [close project]
2026-03-31 21:06:07,103 [INFO] ThirdParty:883 - exiting critical section [close project]
2026-03-31 21:06:07,125 [INFO] PinOutPanel:1589 - setPackage(No Configuration,No Configuration)
2026-03-31 21:06:07,151 [INFO] UtilMem:75 - Begin LoadConfig() Used Memory: 752146616 Bytes (1073741824)
2026-03-31 21:06:07,173 [INFO] MicroXplorer:468 - Change Database Path : 
2026-03-31 21:06:07,173 [INFO] MicroXplorer:498 - Change Database Version : DB.6.0.150
2026-03-31 21:06:07,175 [INFO] OpenFileManager:355 - Change cursor
2026-03-31 21:06:07,417 [INFO] Mcu:2029 - Initializing MCU STM32F401C(B-C)Ux STM32F401CCUx STM32F401CCU6
2026-03-31 21:06:13,498 [INFO] Context:786 - Trying to add GPIOservice into a context  which must be forbidden
2026-03-31 21:06:16,017 [INFO] ImportTextPane:234 - (OptionalMessage_ERROR) Pin12 (VP_RIF_VS_RIF1) cannot be retrieved for this MCU
2026-03-31 21:06:16,664 [INFO] RtosManager:558 - Registered RTOS mode: class=CMSIS, group=RTOS, mode=CMSIS_V1, owner=FREERTOS
2026-03-31 21:06:16,664 [INFO] RtosManager:558 - Registered RTOS mode: class=CMSIS, group=RTOS2, mode=CMSIS_V2, owner=FREERTOS
2026-03-31 21:06:16,665 [INFO] RtosManager:558 - Registered RTOS mode: class=RTOS, group=Core, mode=CMSIS_V1, owner=FREERTOS
2026-03-31 21:06:16,665 [INFO] RtosManager:558 - Registered RTOS mode: class=RTOS, group=Core, mode=CMSIS_V2, owner=FREERTOS
2026-03-31 21:06:16,666 [WARN] ModelIntegratedComponent:184 - Missing modes for component STMicroelectronics:FreeRTOS:0.0.1:STMicroelectronics:RTOS:FreeRTOS:Core:::10.2.0:
2026-03-31 21:06:16,714 [WARN] ModelIntegratedComponent:182 - Modes not found for component STMicroelectronics:USB_HOST:1.0.0:STMicroelectronics:USB::USB Host:Audio HS::1.0:USB_HOST_1_0_RESTRICTED_HS
2026-03-31 21:06:16,715 [WARN] ModelIntegratedComponent:188 - Modes not found for component STMicroelectronics:USB_HOST:1.0.0:STMicroelectronics:USB::USB Host:Audio HS::1.0:USB_HOST_1_0_RESTRICTED_HS
2026-03-31 21:06:16,715 [WARN] ModelIntegratedComponent:182 - Modes not found for component STMicroelectronics:USB_HOST:1.0.0:STMicroelectronics:USB::USB Host:CDC HS::1.0:USB_HOST_1_0_RESTRICTED_HS
2026-03-31 21:06:16,715 [WARN] ModelIntegratedComponent:188 - Modes not found for component STMicroelectronics:USB_HOST:1.0.0:STMicroelectronics:USB::USB Host:CDC HS::1.0:USB_HOST_1_0_RESTRICTED_HS
2026-03-31 21:06:16,715 [WARN] ModelIntegratedComponent:182 - Modes not found for component STMicroelectronics:USB_HOST:1.0.0:STMicroelectronics:USB::USB Host:MSC HS::1.0:USB_HOST_1_0_RESTRICTED_HS
2026-03-31 21:06:16,715 [WARN] ModelIntegratedComponent:188 - Modes not found for component STMicroelectronics:USB_HOST:1.0.0:STMicroelectronics:USB::USB Host:MSC HS::1.0:USB_HOST_1_0_RESTRICTED_HS
2026-03-31 21:06:16,715 [WARN] ModelIntegratedComponent:182 - Modes not found for component STMicroelectronics:USB_HOST:1.0.0:STMicroelectronics:USB::USB Host:HID HS::1.0:USB_HOST_1_0_RESTRICTED_HS
2026-03-31 21:06:16,715 [WARN] ModelIntegratedComponent:188 - Modes not found for component STMicroelectronics:USB_HOST:1.0.0:STMicroelectronics:USB::USB Host:HID HS::1.0:USB_HOST_1_0_RESTRICTED_HS
2026-03-31 21:06:16,715 [WARN] ModelIntegratedComponent:182 - Modes not found for component STMicroelectronics:USB_HOST:1.0.0:STMicroelectronics:USB::USB Host:MTP HS::1.0:USB_HOST_1_0_RESTRICTED_HS
2026-03-31 21:06:16,715 [WARN] ModelIntegratedComponent:188 - Modes not found for component STMicroelectronics:USB_HOST:1.0.0:STMicroelectronics:USB::USB Host:MTP HS::1.0:USB_HOST_1_0_RESTRICTED_HS
2026-03-31 21:06:16,753 [WARN] ModelIntegratedComponent:63 - No mode defined for component null
2026-03-31 21:06:16,753 [WARN] ModelIntegratedComponent:63 - No mode defined for component null
2026-03-31 21:06:16,755 [WARN] ModelIntegratedComponent:63 - No mode defined for component null
2026-03-31 21:06:16,755 [WARN] ModelIntegratedComponent:63 - No mode defined for component null
2026-03-31 21:06:16,755 [WARN] ModelIntegratedComponent:63 - No mode defined for component null
2026-03-31 21:06:16,755 [WARN] ModelIntegratedComponent:63 - No mode defined for component null
2026-03-31 21:06:16,756 [WARN] ModelIntegratedComponent:63 - No mode defined for component null
2026-03-31 21:06:16,756 [WARN] ModelIntegratedComponent:63 - No mode defined for component null
2026-03-31 21:06:16,756 [WARN] ModelIntegratedComponent:63 - No mode defined for component null
2026-03-31 21:06:16,756 [WARN] ModelIntegratedComponent:63 - No mode defined for component null
2026-03-31 21:06:16,756 [WARN] ModelIntegratedComponent:63 - No mode defined for component null
2026-03-31 21:06:16,756 [WARN] ModelIntegratedComponent:63 - No mode defined for component null
2026-03-31 21:06:16,756 [WARN] ModelIntegratedComponent:63 - No mode defined for component null
2026-03-31 21:06:16,756 [WARN] ModelIntegratedComponent:63 - No mode defined for component null
2026-03-31 21:06:16,756 [WARN] ModelIntegratedComponent:63 - No mode defined for component null
2026-03-31 21:06:16,756 [WARN] ModelIntegratedComponent:63 - No mode defined for component null
2026-03-31 21:06:16,757 [WARN] ModelIntegratedComponent:63 - No mode defined for component null
2026-03-31 21:06:16,757 [WARN] ModelIntegratedComponent:63 - No mode defined for component null
2026-03-31 21:06:16,757 [WARN] ModelIntegratedComponent:63 - No mode defined for component null
2026-03-31 21:06:16,759 [WARN] ModelIntegratedComponent:63 - No mode defined for component null
2026-03-31 21:06:16,759 [WARN] ModelIntegratedComponent:63 - No mode defined for component null
2026-03-31 21:06:16,760 [WARN] ModelIntegratedComponent:63 - No mode defined for component null
2026-03-31 21:06:16,761 [WARN] ModelIntegratedComponent:63 - No mode defined for component null
2026-03-31 21:06:16,762 [WARN] ModelIntegratedComponent:63 - No mode defined for component null
2026-03-31 21:06:16,762 [WARN] ModelIntegratedComponent:63 - No mode defined for component null
2026-03-31 21:06:16,762 [WARN] ModelIntegratedComponent:63 - No mode defined for component null
2026-03-31 21:06:16,762 [WARN] ModelIntegratedComponent:63 - No mode defined for component null
2026-03-31 21:06:16,762 [WARN] ModelIntegratedComponent:63 - No mode defined for component null
2026-03-31 21:06:16,762 [WARN] ModelIntegratedComponent:63 - No mode defined for component null
2026-03-31 21:06:16,762 [WARN] ModelIntegratedComponent:63 - No mode defined for component null
2026-03-31 21:06:16,762 [WARN] ModelIntegratedComponent:63 - No mode defined for component null
2026-03-31 21:06:16,763 [WARN] ModelIntegratedComponent:63 - No mode defined for component null
2026-03-31 21:06:16,765 [WARN] ModelIntegratedComponent:63 - No mode defined for component null
2026-03-31 21:06:16,766 [WARN] ModelIntegratedComponent:63 - No mode defined for component null
2026-03-31 21:06:16,767 [WARN] ModelIntegratedComponent:63 - No mode defined for component null
2026-03-31 21:06:16,769 [WARN] ModelPack:524 - Component already loaded: STMicroelectronics:HAL Drivers:0.0.0:STMicroelectronics:Device:STMicro_Driver:XSPI:HAL::0.0.1:HAL_XSPI
2026-03-31 21:06:16,874 [WARN] ModelIntegratedComponent:182 - Modes not found for component STMicroelectronics:USB_DEVICE:1.0.0:STMicroelectronics:USB::USB Device:Audio HS::1.0:USB_DEVICE_1_0_RESTRICTED_HS
2026-03-31 21:06:16,876 [WARN] ModelIntegratedComponent:188 - Modes not found for component STMicroelectronics:USB_DEVICE:1.0.0:STMicroelectronics:USB::USB Device:Audio HS::1.0:USB_DEVICE_1_0_RESTRICTED_HS
2026-03-31 21:06:16,877 [WARN] ModelIntegratedComponent:182 - Modes not found for component STMicroelectronics:USB_DEVICE:1.0.0:STMicroelectronics:USB::USB Device:CDC HS::1.0:USB_DEVICE_1_0_RESTRICTED_HS
2026-03-31 21:06:16,878 [WARN] ModelIntegratedComponent:188 - Modes not found for component STMicroelectronics:USB_DEVICE:1.0.0:STMicroelectronics:USB::USB Device:CDC HS::1.0:USB_DEVICE_1_0_RESTRICTED_HS
2026-03-31 21:06:16,879 [WARN] ModelIntegratedComponent:182 - Modes not found for component STMicroelectronics:USB_DEVICE:1.0.0:STMicroelectronics:USB::USB Device:DFU HS::1.0:USB_DEVICE_1_0_RESTRICTED_HS
2026-03-31 21:06:16,879 [WARN] ModelIntegratedComponent:188 - Modes not found for component STMicroelectronics:USB_DEVICE:1.0.0:STMicroelectronics:USB::USB Device:DFU HS::1.0:USB_DEVICE_1_0_RESTRICTED_HS
2026-03-31 21:06:16,880 [WARN] ModelIntegratedComponent:182 - Modes not found for component STMicroelectronics:USB_DEVICE:1.0.0:STMicroelectronics:USB::USB Device:HID HS::1.0:USB_DEVICE_1_0_RESTRICTED_HS
2026-03-31 21:06:16,880 [WARN] ModelIntegratedComponent:188 - Modes not found for component STMicroelectronics:USB_DEVICE:1.0.0:STMicroelectronics:USB::USB Device:HID HS::1.0:USB_DEVICE_1_0_RESTRICTED_HS
2026-03-31 21:06:16,880 [WARN] ModelIntegratedComponent:182 - Modes not found for component STMicroelectronics:USB_DEVICE:1.0.0:STMicroelectronics:USB::USB Device:Custom HID HS::1.0:USB_DEVICE_1_0_RESTRICTED_HS
2026-03-31 21:06:16,880 [WARN] ModelIntegratedComponent:188 - Modes not found for component STMicroelectronics:USB_DEVICE:1.0.0:STMicroelectronics:USB::USB Device:Custom HID HS::1.0:USB_DEVICE_1_0_RESTRICTED_HS
2026-03-31 21:06:16,880 [WARN] ModelIntegratedComponent:182 - Modes not found for component STMicroelectronics:USB_DEVICE:1.0.0:STMicroelectronics:USB::USB Device:MSC HS::1.0:USB_DEVICE_1_0_RESTRICTED_HS
2026-03-31 21:06:16,880 [WARN] ModelIntegratedComponent:188 - Modes not found for component STMicroelectronics:USB_DEVICE:1.0.0:STMicroelectronics:USB::USB Device:MSC HS::1.0:USB_DEVICE_1_0_RESTRICTED_HS
2026-03-31 21:06:17,022 [INFO] ThirdPartyModel:298 - Start build external matchings
2026-03-31 21:06:17,495 [INFO] ThirdPartyModel:316 - End build external matchings
2026-03-31 21:06:17,562 [INFO] RtosManager:1018 - Current active RTOS is FREERTOS [Cortex-M4NS]
2026-03-31 21:06:17,610 [INFO] ImportTextPane:234 - (OptionalMessage_ERROR) IP (RCC) : Parameter (48MHZClocksFreq_Value) has invalid value (84000000)
2026-03-31 21:06:17,615 [INFO] ImportTextPane:234 - (OptionalMessage_ERROR) IP (RCC) : Parameter (RTCHSEDivFreq_Value) has invalid value (12500000)
2026-03-31 21:06:18,423 [INFO] ApiDb:581 - Connected to CubeFinder SQLite database (C:\Users\User\.stmcufinder\plugins\mcufinder\mcu\cube-finder-db.db)
2026-03-31 21:06:18,578 [INFO] ApiDb:668 - CubeFinder database Data Model version=2.1
2026-03-31 21:06:18,578 [INFO] ApiDb:669 - CubeFinder database Configuration version=3.0.42
2026-03-31 21:06:18,580 [INFO] ApiDb:670 - CubeFinder database generation date=2026-03-11 (1773229989)
2026-03-31 21:06:18,581 [INFO] ApiDb:671 - CubeFinder database FW Pack versions=[FP-ATR-ASTRA1_V2.0.0, FP-SNS-FLIGHT1_V5.1.0, FP-SNS-MOTENV1_V5.1.0, FP-SNS-MOTENVWB1_V1.5.0, FP-SNS-SMARTAG2_V1.2.0, FP-SNS-STBOX1_V2.1.0, STM32Cube_FW_C0_V1.4.0, STM32Cube_FW_F4_V1.28.3, STM32Cube_FW_F7_V1.17.4, STM32Cube_FW_G0_V1.6.3, STM32Cube_FW_G4_V1.6.2, STM32Cube_FW_H5_V1.6.0, STM32Cube_FW_H7RS_V1.3.0, STM32Cube_FW_H7_V1.13.0, STM32Cube_FW_L0_V1.12.2, STM32Cube_FW_L4_V1.18.2, STM32Cube_FW_L5_V1.6.0, STM32Cube_FW_N6_V1.3.0, STM32Cube_FW_U0_V1.3.0, STM32Cube_FW_U3_V1.3.0, STM32Cube_FW_U5_V1.8.0, STM32Cube_FW_WB0_V1.4.0, STM32Cube_FW_WBA_V1.9.0, STM32Cube_FW_WB_V1.24.0, STM32Cube_FW_WL3_V1.4.0, STM32Cube_FW_WL_V1.5.0, X-CUBE-ALGOBUILD_V1.4.0, X-CUBE-ALS_V1.0.2, X-CUBE-AZRTOS-F4_V1.1.0, X-CUBE-AZRTOS-F7_V1.1.0, X-CUBE-AZRTOS-G0_V1.1.0, X-CUBE-AZRTOS-G4_V2.0.0, X-CUBE-AZRTOS-H7RS_V1.1.0, X-CUBE-AZRTOS-H7_V3.4.0, X-CUBE-AZRTOS-L4_V2.0.0, X-CUBE-AZRTOS-L5_V2.0.0, X-CUBE-AZRTOS-WB_V2.0.0, X-CUBE-AZRTOS-WL_V2.0.0, X-CUBE-BLE1_V7.1.0, X-CUBE-BLE2_V3.3.0, X-CUBE-BLEMGR_V4.1.0, X-CUBE-EEPRMA1_V5.2.0, X-CUBE-FREERTOS_V1.5.0, X-CUBE-GNSS1_V6.0.0, X-CUBE-MEMS1_V12.0.0, X-CUBE-NFC4_V3.0.0, X-CUBE-NFC7_V2.0.0, X-CUBE-SFXS2LP1_V4.0.0, X-CUBE-ST67W61_V1.2.0, X-CUBE-SUBG2_V5.0.0, X-CUBE-TOF1_V3.4.3]
2026-03-31 21:06:18,797 [INFO] DbBoardsSqlite:226 - include board P-NUCLEO-WB55-NUCLEO as a kit item of type 'Nucleo-64'
2026-03-31 21:06:18,797 [INFO] DbBoardsSqlite:226 - include board P-NUCLEO-WB55-USBDONGLE as a kit item of type 'Nucleo USB Dongle'
2026-03-31 21:06:18,799 [INFO] DbBoardsSqlite:226 - include board STEVAL-IDP005V1 as a kit item of type 'Evaluation Board'
2026-03-31 21:06:18,799 [INFO] DbBoardsSqlite:226 - include board STEVAL-IDP005V2 as a kit item of type 'Evaluation Board'
2026-03-31 21:06:19,622 [INFO] ApiDb:240 - Found 880 in-development CPN: [B-G473E-ZEST1S, B-WB1M-WPAN1, B-WBA5M-WPAN, B-WL5M-SUBG1, NUCLEO-C031C6, NUCLEO-C051C8, NUCLEO-C071RB, NUCLEO-C092RC, NUCLEO-H503RB, NUCLEO-H533RE, NUCLEO-H563ZI, NUCLEO-H7S3L8, NUCLEO-N657X0-Q, NUCLEO-U031R8, NUCLEO-U083RC, NUCLEO-U385RG-Q, NUCLEO-U545RE-Q, NUCLEO-U5A5ZJ-Q, NUCLEO-WB05KZ, NUCLEO-WB07CC, NUCLEO-WB09KE, NUCLEO-WBA52CG, NUCLEO-WBA55CG, NUCLEO-WL33CC1, NUCLEO-WL33CC2, STEVAL-PROTEUS1, STEVAL-SMARTAG2, STEVAL-STWINBX1, STM320518-EVAL, STM32C0116-DK, STM32C011D6Y3TR, STM32C011D6Y6TR, STM32C011F4P3, STM32C011F4P6, STM32C011F4U3, STM32C011F4U6TR, STM32C011F6P3, STM32C011F6P6, STM32C011F6U3, STM32C011F6U6TR, STM32C011J4M3, STM32C011J4M6, STM32C011J6M3, STM32C011J6M6, STM32C0316-DK, STM32C031C4T3, STM32C031C4T6, STM32C031C4U3, STM32C031C4U6, STM32C031C6T3, STM32C031C6T6, STM32C031C6U3, STM32C031C6U6, STM32C031F4P3, STM32C031F4P6, STM32C031F6P3, STM32C031F6P6, STM32C031G4U3, STM32C031G4U6, STM32C031G6U3, STM32C031G6U6, STM32C031K4T3, STM32C031K4T6, STM32C031K4U3, STM32C031K4U6, STM32C031K6T3, STM32C031K6T6, STM32C031K6U3, STM32C031K6U6, STM32C051C6T6, STM32C051C6U6, STM32C051C8T6, STM32C051C8U6, STM32C051D8Y6TR, STM32C051F6P6, STM32C051F8P6, STM32C051G6U6, STM32C051G8U6, STM32C051K6T6, STM32C051K6U6, STM32C051K8T6, STM32C071C8T6, STM32C071C8T6N, STM32C071C8U6, STM32C071C8U6N, STM32C071CBT6, STM32C071CBT6N, STM32C071CBU6, STM32C071CBU6N, STM32C071F8P6, STM32C071F8P6N, STM32C071FBP6, STM32C071FBP6N, STM32C071FBY6TR, STM32C071G8U6, STM32C071G8U6N, STM32C071GBU6, STM32C071GBU6N, STM32C071K8T6, STM32C071K8T6N, STM32C071K8U6, STM32C071K8U6N, STM32C071KBT6, STM32C071KBT6N, STM32C071KBU6, STM32C071KBU6N, STM32C071R8T6, STM32C071R8T6N, STM32C071RBI6N, STM32C071RBT6, STM32C071RBT6N, STM32C091CBT6, STM32C091CBU6, STM32C091CCT6, STM32C091CCU6, STM32C091ECY6TR, STM32C091FBP6, STM32C091FCP6, STM32C091GBU6, STM32C091GCU6, STM32C091KBT6, STM32C091KBU6, STM32C091KCT6, STM32C091KCU6, STM32C091RBT6, STM32C091RCI6, STM32C091RCT6, STM32C092CBT6, STM32C092CBU6, STM32C092CCT6, STM32C092CCU6, STM32C092ECY6TR, STM32C092FBP6, STM32C092FCP6, STM32C092GBU6, STM32C092GCU6, STM32C092KBT6, STM32C092KBU6, STM32C092KCT6, STM32C092KCU6, STM32C092RBT6, STM32C092RCI6, STM32C092RCT6, STM32G071K8TXN, STM32G071K8UXN, STM32G081GBU6N, STM32G081KBT6N, STM32G081KBUXN, STM32G0B1CCT6N, STM32G0B1KCT6, STM32G0B1NEY6TR, STM32G0B1RCT6N, STM32G0C1CCT6, STM32G0C1CCT6N, STM32G0C1CCU6N, STM32G0C1CET6N, STM32G0C1CEU6N, STM32G0C1KCT6, STM32G0C1NEY6TR, STM32G0C1RCI6N, STM32G0C1RCT6N, STM32G0C1REI6N, STM32G0C1RET6N, STM32G0C1VCI6, STM32G0C1VEI6, STM32G411C6T3, STM32G411C6T6, STM32G411C6U3, STM32G411C6U6, STM32G411C8T3, STM32G411C8T6, STM32G411C8U3, STM32G411C8U6, STM32G411CBT3, STM32G411CBT6, STM32G411CBU3, STM32G411CBU6, STM32G411K6T3, STM32G411K6T6, STM32G411K6U3, STM32G411K6U6, STM32G411K8T3, STM32G411K8T6, STM32G411K8U3, STM32G411K8U6, STM32G411KBT3, STM32G411KBT6, STM32G411KBU3, STM32G411KBU6, STM32G411M6T3, STM32G411M6T6, STM32G411M8T3, STM32G411M8T6, STM32G411MBT3, STM32G411MBT6, STM32G411R6T3, STM32G411R6T6, STM32G411R8T3, STM32G411R8T6, STM32G411RBT3, STM32G411RBT6, STM32G414CBT3, STM32G414CBT6, STM32G414CBU3, STM32G414CBU6, STM32G414CCT3, STM32G414CCT6, STM32G414CCU3, STM32G414CCU6, STM32G414MBT3, STM32G414MBT6, STM32G414MCT3, STM32G414MCT6, STM32G414RBT3, STM32G414RBT6, STM32G414RCT3, STM32G414RCT6, STM32G414VBT3, STM32G414VBT6, STM32G414VCT3, STM32G414VCT6, STM32G431CBT3Z, STM32G431RBT3Z, STM32G471CCT6, STM32G471CCU6, STM32G471CET3, STM32G471CET6, STM32G471CEU3, STM32G471CEU6, STM32G471MCT6, STM32G471MET3, STM32G471MET6, STM32G471MEY6TR, STM32G471QCT6, STM32G471QET3, STM32G471RCT6, STM32G471RET3, STM32G471RET6, STM32G471VCH6, STM32G471VCI6, STM32G471VCT6, STM32G471VEH3, STM32G471VEH6, STM32G471VEI3, STM32G471VEI6, STM32G471VET3, STM32G471VET6, STM32G473QET3Z, STM32G473RET3Z, STM32G474CCT6, STM32G491RET3Z, STM32H503CBT6, STM32H503CBU6, STM32H503EBY6TR, STM32H503KBU6, STM32H503RBT6, STM32H523CCT6, STM32H523CCU6, STM32H523CET6, STM32H523CEU6, STM32H523HEY6TR, STM32H523RCT6, STM32H523RET6, STM32H523VCI6, STM32H523VCT6, STM32H523VEI6, STM32H523VET6, STM32H523ZCJ6, STM32H523ZCT6, STM32H523ZEJ6, STM32H523ZET6, STM32H533CET6, STM32H533CEU6, STM32H533HEY6TR, STM32H533RET6, STM32H533VEI6, STM32H533VET6, STM32H533ZEJ6, STM32H533ZET6, STM32H562AGI6, STM32H562AII6, STM32H562IGK6, STM32H562IGT6, STM32H562IIK6, STM32H562IIT6, STM32H562RGT6, STM32H562RGV6, STM32H562RIT6, STM32H562RIV6, STM32H562VGT6, STM32H562VIT6, STM32H562ZGT6, STM32H562ZIT6, STM32H563AGI6, STM32H563AII3Q, STM32H563AII6, STM32H563IGK6, STM32H563IGT6, STM32H563IIK3Q, STM32H563IIK6, STM32H563IIT3Q, STM32H563IIT6, STM32H563MIY3QTR, STM32H563RGT6, STM32H563RGV6, STM32H563RIT6, STM32H563RIV6, STM32H563VGT6, STM32H563VIT3Q, STM32H563VIT6, STM32H563ZGT6, STM32H563ZIT3Q, STM32H563ZIT6, STM32H573AII3Q, STM32H573AII6, STM32H573I-DK, STM32H573IIK3Q, STM32H573IIK6, STM32H573IIT3Q, STM32H573IIT6, STM32H573MIY3QTR, STM32H573RIT6, STM32H573RIV6, STM32H573VIT3Q, STM32H573VIT6, STM32H573ZIT3Q, STM32H573ZIT6, STM32H7R3A8I6, STM32H7R3I8K6, STM32H7R3I8T6, STM32H7R3L8H6, STM32H7R3L8H6H, STM32H7R3R8V6, STM32H7R3V8H6, STM32H7R3V8T6, STM32H7R3V8Y6TR, STM32H7R3Z8J6, STM32H7R3Z8T6, STM32H7R7A8I6, STM32H7R7I8K6, STM32H7R7I8T6, STM32H7R7L8H6, STM32H7R7L8H6H, STM32H7R7Z8J6, STM32H7S3A8I6, STM32H7S3I8K6, STM32H7S3I8T6, STM32H7S3L8H6, STM32H7S3L8H6H, STM32H7S3R8V6, STM32H7S3V8H6, STM32H7S3V8T6, STM32H7S3V8Y6TR, STM32H7S3Z8J6, STM32H7S3Z8T6, STM32H7S78-DK, STM32H7S7A8I6, STM32H7S7I8K6, STM32H7S7I8T6, STM32H7S7L8H6, STM32H7S7L8H6H, STM32H7S7Z8J6, STM32L4R5QGI6STR, STM32MP131AAE3, STM32MP131AAF3, STM32MP131AAG3, STM32MP131CAE3, STM32MP131CAF3, STM32MP131CAG3, STM32MP131DAE7, STM32MP131DAF7, STM32MP131DAG7, STM32MP131FAE7, STM32MP131FAF7, STM32MP131FAG7, STM32MP133AAE3, STM32MP133AAF3, STM32MP133AAG3, STM32MP133CAE3, STM32MP133CAF3, STM32MP133CAG3, STM32MP133DAE7, STM32MP133DAF7, STM32MP133DAG7, STM32MP133FAE7, STM32MP133FAF7, STM32MP133FAG7, STM32MP135AAE3, STM32MP135AAF3, STM32MP135AAG3, STM32MP135CAE3, STM32MP135CAF3, STM32MP135CAG3, STM32MP135DAE7, STM32MP135DAF7, STM32MP135DAG7, STM32MP135F-DK, STM32MP135FAE7, STM32MP135FAF7, STM32MP135FAF7T, STM32MP135FAF7U, STM32MP135FAG7, STM32MP211AAL3, STM32MP211AAM3, STM32MP211AAN3, STM32MP211AAO3, STM32MP211CAL3, STM32MP211CAM3, STM32MP211CAN3, STM32MP211CAO3, STM32MP211DAL3, STM32MP211DAM3, STM32MP211DAN3, STM32MP211DAO3, STM32MP211FAL3, STM32MP211FAM3, STM32MP211FAN3, STM32MP211FAO3, STM32MP213AAL3, STM32MP213AAM3, STM32MP213AAN3, STM32MP213AAO3, STM32MP213CAL3, STM32MP213CAM3, STM32MP213CAN3, STM32MP213CAO3, STM32MP213DAL3, STM32MP213DAM3, STM32MP213DAN3, STM32MP213DAO3, STM32MP213FAL3, STM32MP213FAM3, STM32MP213FAN3, STM32MP213FAO3, STM32MP215AAL3, STM32MP215AAM3, STM32MP215AAN3, STM32MP215AAO3, STM32MP215CAL3, STM32MP215CAM3, STM32MP215CAN3, STM32MP215CAO3, STM32MP215DAL3, STM32MP215DAM3, STM32MP215DAN3, STM32MP215DAO3, STM32MP215F-DK, STM32MP215FAL3, STM32MP215FAM3, STM32MP215FAN3, STM32MP215FAO3, STM32MP231AAJ3, STM32MP231AAK3, STM32MP231AAL3, STM32MP231CAJ3, STM32MP231CAK3, STM32MP231CAL3, STM32MP231DAJ3, STM32MP231DAK3, STM32MP231DAL3, STM32MP231FAJ3, STM32MP231FAK3, STM32MP231FAL3, STM32MP233AAJ3, STM32MP233AAK3, STM32MP233AAL3, STM32MP233CAJ3, STM32MP233CAK3, STM32MP233CAL3, STM32MP233DAJ3, STM32MP233DAK3, STM32MP233DAL3, STM32MP233FAJ3, STM32MP233FAK3, STM32MP233FAL3, STM32MP235AAJ3, STM32MP235AAK3, STM32MP235AAL3, STM32MP235CAJ3, STM32MP235CAK3, STM32MP235CAL3, STM32MP235DAJ3, STM32MP235DAK3, STM32MP235DAL3, STM32MP235FAJ3, STM32MP235FAK3, STM32MP235FAL3, STM32MP251AAI3, STM32MP251AAK3, STM32MP251AAL3, STM32MP251CAI3, STM32MP251CAK3, STM32MP251CAL3, STM32MP251DAI3, STM32MP251DAK3, STM32MP251DAL3, STM32MP251FAI3, STM32MP251FAK3, STM32MP251FAL3, STM32MP253AAI3, STM32MP253AAK3, STM32MP253AAL3, STM32MP253CAI3, STM32MP253CAK3, STM32MP253CAL3, STM32MP253DAI3, STM32MP253DAK3, STM32MP253DAL3, STM32MP253FAI3, STM32MP253FAK3, STM32MP253FAL3, STM32MP255AAI3, STM32MP255AAK3, STM32MP255AAL3, STM32MP255CAI3, STM32MP255CAK3, STM32MP255CAL3, STM32MP255DAI3, STM32MP255DAK3, STM32MP255DAL3, STM32MP255FAI3, STM32MP255FAK3, STM32MP255FAL3, STM32MP257AAI3, STM32MP257AAK3, STM32MP257AAL3, STM32MP257CAI3, STM32MP257CAK3, STM32MP257CAL3, STM32MP257DAI3, STM32MP257DAK3, STM32MP257DAL3, STM32MP257F-DK, STM32MP257F-EV1, STM32MP257FAI3, STM32MP257FAK3, STM32MP257FAL3, STM32N645A0H3Q, STM32N645B0H3Q, STM32N645I0H3Q, STM32N645L0H3Q, STM32N645X0H3Q, STM32N645Z0H3Q, STM32N647A0H3Q, STM32N647B0H3Q, STM32N647I0H3Q, STM32N647L0H3Q, STM32N647X0H3Q, STM32N647Z0H3Q, STM32N655A0H3Q, STM32N655B0H3Q, STM32N655I0H3Q, STM32N655L0H3Q, STM32N655X0H3Q, STM32N655Z0H3Q, STM32N6570-DK, STM32N657A0H3Q, STM32N657B0H3Q, STM32N657I0H3Q, STM32N657L0H3Q, STM32N657X0H3Q, STM32N657Z0H3Q, STM32U031C6T6, STM32U031C6U6, STM32U031C8T6, STM32U031C8U6, STM32U031F4P6, STM32U031F6P6, STM32U031F8P6, STM32U031G6Y6TR, STM32U031G8Y6TR, STM32U031K4U6, STM32U031K6U6, STM32U031K8U6, STM32U031R6I6, STM32U031R6T6, STM32U031R8I6, STM32U031R8T6, STM32U073C8T6, STM32U073C8U6, STM32U073CBT6, STM32U073CBU6, STM32U073CCT6, STM32U073CCU6, STM32U073H8Y6TR, STM32U073HBY6TR, STM32U073HCY6TR, STM32U073K8U6, STM32U073KBU6, STM32U073KCU6, STM32U073M8I6, STM32U073M8T6, STM32U073MBI6, STM32U073MBT6, STM32U073MCI6, STM32U073MCT6, STM32U073R8I6, STM32U073R8T6, STM32U073RBI6, STM32U073RBT6, STM32U073RCI6, STM32U073RCT6, STM32U083C-DK, STM32U083CCT6, STM32U083CCU6, STM32U083HCY6TR, STM32U083KCU6, STM32U083MCI6, STM32U083MCT6, STM32U083RCI6, STM32U083RCT6, STM32U375CET6, STM32U375CET6Q, STM32U375CEU6, STM32U375CEU6Q, STM32U375CEY6QTR, STM32U375CGT6, STM32U375CGT6Q, STM32U375CGU6, STM32U375CGU6Q, STM32U375CGY6QTR, STM32U375KEU6, STM32U375KGU6, STM32U375REI6, STM32U375REI6Q, STM32U375RET6, STM32U375RET6Q, STM32U375REY6GTR, STM32U375REY6QTR, STM32U375RGI6, STM32U375RGI6Q, STM32U375RGT6, STM32U375RGT6Q, STM32U375RGY6GTR, STM32U375RGY6QTR, STM32U375VEI6, STM32U375VEI6Q, STM32U375VET6, STM32U375VET6Q, STM32U375VGI6, STM32U375VGI6Q, STM32U375VGT6, STM32U375VGT6Q, STM32U385CGT6, STM32U385CGT6Q, STM32U385CGU6, STM32U385CGU6Q, STM32U385CGY6QTR, STM32U385KGU6, STM32U385RGI6, STM32U385RGI6Q, STM32U385RGT6, STM32U385RGT6Q, STM32U385RGY6GTR, STM32U385RGY6QTR, STM32U385VGI6, STM32U385VGI6Q, STM32U385VGT6, STM32U385VGT6Q, STM32U535CBT6, STM32U535CBT6Q, STM32U535CBU6, STM32U535CBU6Q, STM32U535CCT6, STM32U535CCT6Q, STM32U535CCU6, STM32U535CCU6Q, STM32U535CET6, STM32U535CET6Q, STM32U535CEU6, STM32U535CEU6Q, STM32U535JEY6QTR, STM32U535NCY6QTR, STM32U535NEY6QTR, STM32U535RBI6, STM32U535RBI6Q, STM32U535RBT6, STM32U535RBT6Q, STM32U535RCI6, STM32U535RCI6Q, STM32U535RCT6, STM32U535RCT6Q, STM32U535REI6, STM32U535REI6Q, STM32U535RET6, STM32U535RET6Q, STM32U535VCI6, STM32U535VCI6Q, STM32U535VCT6, STM32U535VCT6Q, STM32U535VEI6, STM32U535VEI6Q, STM32U535VET6, STM32U535VET6Q, STM32U545CET6, STM32U545CET6Q, STM32U545CEU6, STM32U545CEU6Q, STM32U545JEY6QTR, STM32U545NEY6QTR, STM32U545REI6, STM32U545REI6Q, STM32U545RET6, STM32U545RET6Q, STM32U545VEI6, STM32U545VEI6Q, STM32U545VET6, STM32U545VET6Q, STM32U595AIH6, STM32U595AIH6Q, STM32U595AJH6, STM32U595AJH6Q, STM32U595QII6, STM32U595QII6Q, STM32U595QJI6, STM32U595QJI6Q, STM32U595RIT6, STM32U595RIT6Q, STM32U595RJT6, STM32U595RJT6Q, STM32U595VIT6, STM32U595VIT6Q, STM32U595VJT6, STM32U595VJT6Q, STM32U595ZIT6, STM32U595ZIT6Q, STM32U595ZIY6QTR, STM32U595ZJT6, STM32U595ZJT6Q, STM32U595ZJY6QTR, STM32U599BJY6QTR, STM32U599NIH6Q, STM32U599NJH6Q, STM32U599VIT6Q, STM32U599VJT6, STM32U599VJT6Q, STM32U599ZIT6Q, STM32U599ZIY6QTR, STM32U599ZJT6Q, STM32U599ZJY6QTR, STM32U5A5AJH6, STM32U5A5AJH6Q, STM32U5A5QII3Q , STM32U5A5QJI6, STM32U5A5QJI6Q, STM32U5A5RJT6, STM32U5A5RJT6Q, STM32U5A5VJT6, STM32U5A5VJT6Q, STM32U5A5ZJT6, STM32U5A5ZJT6Q, STM32U5A5ZJY6QTR, STM32U5A9BJY6QTR, STM32U5A9J-DK, STM32U5A9NJH6Q, STM32U5A9VJT6Q, STM32U5A9ZJT6Q, STM32U5A9ZJY6QTR, STM32U5F7VIT6, STM32U5F7VIT6Q, STM32U5F7VJT6, STM32U5F7VJT6Q, STM32U5F9BJY6QTR, STM32U5F9NJH6Q, STM32U5F9VIT6Q, STM32U5F9VJT6Q, STM32U5F9ZIJ6QTR, STM32U5F9ZIT6Q, STM32U5F9ZJJ6QTR, STM32U5F9ZJT6Q, STM32U5G7VJT6, STM32U5G7VJT6Q, STM32U5G9BJY6QTR, STM32U5G9J-DK1, STM32U5G9J-DK2, STM32U5G9NJH6Q, STM32U5G9VJT6Q, STM32U5G9ZJJ6QTR, STM32U5G9ZJT6Q, STM32WB05KZV6TR, STM32WB05KZV7TR, STM32WB05TZF6TR, STM32WB05TZF7TR, STM32WB06CCF6TR, STM32WB06CCF7TR, STM32WB06CCV6TR, STM32WB06CCV7TR, STM32WB06KCV6TR, STM32WB06KCV7TR, STM32WB07CCF6TR, STM32WB07CCF7TR, STM32WB07CCV6TR, STM32WB07CCV7TR, STM32WB07KCV6TR, STM32WB07KCV7TR, STM32WB09KEV6TR, STM32WB09KEV7TR, STM32WB09TEF6TR, STM32WB09TEF7TR, STM32WB1MMCH6, STM32WBA50KGU6, STM32WBA50KGU6TR, STM32WBA52CEU6, STM32WBA52CEU6TR, STM32WBA52CEU7, STM32WBA52CEU7TR, STM32WBA52CGU6, STM32WBA52CGU6TR, STM32WBA52CGU6U, STM32WBA52CGU7, STM32WBA52CGU7TR, STM32WBA52KEU6, STM32WBA52KEU6TR, STM32WBA52KGU6, STM32WBA52KGU6TR, STM32WBA54CEU6, STM32WBA54CEU6TR, STM32WBA54CEU7, STM32WBA54CEU7TR, STM32WBA54CGU6, STM32WBA54CGU6TR, STM32WBA54CGU7, STM32WBA54CGU7TR, STM32WBA54KEU6, STM32WBA54KEU6TR, STM32WBA54KEU7, STM32WBA54KEU7TR, STM32WBA54KGU6, STM32WBA54KGU6TR, STM32WBA54KGU7, STM32WBA54KGU7TR, STM32WBA55CEU6, STM32WBA55CEU6TR, STM32WBA55CEU7, STM32WBA55CEU7TR, STM32WBA55CGU6, STM32WBA55CGU6TR, STM32WBA55CGU6U, STM32WBA55CGU7, STM32WBA55CGU7TR, STM32WBA55G-DK1, STM32WBA55HEF6, STM32WBA55HEF7, STM32WBA55HGF6, STM32WBA55HGF7, STM32WBA55UEI6, STM32WBA55UEI6TR, STM32WBA55UEI7, STM32WBA55UEI7TR, STM32WBA55UGI6, STM32WBA55UGI6TR, STM32WBA55UGI7, STM32WBA55UGI7TR, STM32WBA5MMGH6TR, STM32WBA62MGF6, STM32WBA62MIF6, STM32WBA65MGF7, STM32WBA65MIF6, STM32WBA65MIF7, STM32WL30K8V6, STM32WL30KBV6, STM32WL31C8V6, STM32WL31CBV6, STM32WL31K8V6, STM32WL31KBV6, STM32WL33C8V6, STM32WL33C8V6X, STM32WL33CBV6, STM32WL33CBV6X, STM32WL33CCV6, STM32WL33CCV6A, STM32WL33CCV6X, STM32WL33K8V7, STM32WL33K8V7X, STM32WL33KBV7 , STM32WL33KBV7X, STM32WL33KCV7, STM32WL33KCV7X, STM32WL5MOCH6, STM32WL5MOCH6TR]
2026-03-31 21:06:19,631 [INFO] ApiDb:668 - CubeFinder database Data Model version=2.1
2026-03-31 21:06:19,631 [INFO] ApiDb:669 - CubeFinder database Configuration version=3.0.42
2026-03-31 21:06:19,631 [INFO] ApiDb:670 - CubeFinder database generation date=2026-03-11 (1773229989)
2026-03-31 21:06:19,631 [INFO] ApiDb:671 - CubeFinder database FW Pack versions=[FP-ATR-ASTRA1_V2.0.0, FP-SNS-FLIGHT1_V5.1.0, FP-SNS-MOTENV1_V5.1.0, FP-SNS-MOTENVWB1_V1.5.0, FP-SNS-SMARTAG2_V1.2.0, FP-SNS-STBOX1_V2.1.0, STM32Cube_FW_C0_V1.4.0, STM32Cube_FW_F4_V1.28.3, STM32Cube_FW_F7_V1.17.4, STM32Cube_FW_G0_V1.6.3, STM32Cube_FW_G4_V1.6.2, STM32Cube_FW_H5_V1.6.0, STM32Cube_FW_H7RS_V1.3.0, STM32Cube_FW_H7_V1.13.0, STM32Cube_FW_L0_V1.12.2, STM32Cube_FW_L4_V1.18.2, STM32Cube_FW_L5_V1.6.0, STM32Cube_FW_N6_V1.3.0, STM32Cube_FW_U0_V1.3.0, STM32Cube_FW_U3_V1.3.0, STM32Cube_FW_U5_V1.8.0, STM32Cube_FW_WB0_V1.4.0, STM32Cube_FW_WBA_V1.9.0, STM32Cube_FW_WB_V1.24.0, STM32Cube_FW_WL3_V1.4.0, STM32Cube_FW_WL_V1.5.0, X-CUBE-ALGOBUILD_V1.4.0, X-CUBE-ALS_V1.0.2, X-CUBE-AZRTOS-F4_V1.1.0, X-CUBE-AZRTOS-F7_V1.1.0, X-CUBE-AZRTOS-G0_V1.1.0, X-CUBE-AZRTOS-G4_V2.0.0, X-CUBE-AZRTOS-H7RS_V1.1.0, X-CUBE-AZRTOS-H7_V3.4.0, X-CUBE-AZRTOS-L4_V2.0.0, X-CUBE-AZRTOS-L5_V2.0.0, X-CUBE-AZRTOS-WB_V2.0.0, X-CUBE-AZRTOS-WL_V2.0.0, X-CUBE-BLE1_V7.1.0, X-CUBE-BLE2_V3.3.0, X-CUBE-BLEMGR_V4.1.0, X-CUBE-EEPRMA1_V5.2.0, X-CUBE-FREERTOS_V1.5.0, X-CUBE-GNSS1_V6.0.0, X-CUBE-MEMS1_V12.0.0, X-CUBE-NFC4_V3.0.0, X-CUBE-NFC7_V2.0.0, X-CUBE-SFXS2LP1_V4.0.0, X-CUBE-ST67W61_V1.2.0, X-CUBE-SUBG2_V5.0.0, X-CUBE-TOF1_V3.4.3]
2026-03-31 21:06:23,181 [INFO] ApiDb:240 - Found 880 in-development CPN: [B-G473E-ZEST1S, B-WB1M-WPAN1, B-WBA5M-WPAN, B-WL5M-SUBG1, NUCLEO-C031C6, NUCLEO-C051C8, NUCLEO-C071RB, NUCLEO-C092RC, NUCLEO-H503RB, NUCLEO-H533RE, NUCLEO-H563ZI, NUCLEO-H7S3L8, NUCLEO-N657X0-Q, NUCLEO-U031R8, NUCLEO-U083RC, NUCLEO-U385RG-Q, NUCLEO-U545RE-Q, NUCLEO-U5A5ZJ-Q, NUCLEO-WB05KZ, NUCLEO-WB07CC, NUCLEO-WB09KE, NUCLEO-WBA52CG, NUCLEO-WBA55CG, NUCLEO-WL33CC1, NUCLEO-WL33CC2, STEVAL-PROTEUS1, STEVAL-SMARTAG2, STEVAL-STWINBX1, STM320518-EVAL, STM32C0116-DK, STM32C011D6Y3TR, STM32C011D6Y6TR, STM32C011F4P3, STM32C011F4P6, STM32C011F4U3, STM32C011F4U6TR, STM32C011F6P3, STM32C011F6P6, STM32C011F6U3, STM32C011F6U6TR, STM32C011J4M3, STM32C011J4M6, STM32C011J6M3, STM32C011J6M6, STM32C0316-DK, STM32C031C4T3, STM32C031C4T6, STM32C031C4U3, STM32C031C4U6, STM32C031C6T3, STM32C031C6T6, STM32C031C6U3, STM32C031C6U6, STM32C031F4P3, STM32C031F4P6, STM32C031F6P3, STM32C031F6P6, STM32C031G4U3, STM32C031G4U6, STM32C031G6U3, STM32C031G6U6, STM32C031K4T3, STM32C031K4T6, STM32C031K4U3, STM32C031K4U6, STM32C031K6T3, STM32C031K6T6, STM32C031K6U3, STM32C031K6U6, STM32C051C6T6, STM32C051C6U6, STM32C051C8T6, STM32C051C8U6, STM32C051D8Y6TR, STM32C051F6P6, STM32C051F8P6, STM32C051G6U6, STM32C051G8U6, STM32C051K6T6, STM32C051K6U6, STM32C051K8T6, STM32C071C8T6, STM32C071C8T6N, STM32C071C8U6, STM32C071C8U6N, STM32C071CBT6, STM32C071CBT6N, STM32C071CBU6, STM32C071CBU6N, STM32C071F8P6, STM32C071F8P6N, STM32C071FBP6, STM32C071FBP6N, STM32C071FBY6TR, STM32C071G8U6, STM32C071G8U6N, STM32C071GBU6, STM32C071GBU6N, STM32C071K8T6, STM32C071K8T6N, STM32C071K8U6, STM32C071K8U6N, STM32C071KBT6, STM32C071KBT6N, STM32C071KBU6, STM32C071KBU6N, STM32C071R8T6, STM32C071R8T6N, STM32C071RBI6N, STM32C071RBT6, STM32C071RBT6N, STM32C091CBT6, STM32C091CBU6, STM32C091CCT6, STM32C091CCU6, STM32C091ECY6TR, STM32C091FBP6, STM32C091FCP6, STM32C091GBU6, STM32C091GCU6, STM32C091KBT6, STM32C091KBU6, STM32C091KCT6, STM32C091KCU6, STM32C091RBT6, STM32C091RCI6, STM32C091RCT6, STM32C092CBT6, STM32C092CBU6, STM32C092CCT6, STM32C092CCU6, STM32C092ECY6TR, STM32C092FBP6, STM32C092FCP6, STM32C092GBU6, STM32C092GCU6, STM32C092KBT6, STM32C092KBU6, STM32C092KCT6, STM32C092KCU6, STM32C092RBT6, STM32C092RCI6, STM32C092RCT6, STM32G071K8TXN, STM32G071K8UXN, STM32G081GBU6N, STM32G081KBT6N, STM32G081KBUXN, STM32G0B1CCT6N, STM32G0B1KCT6, STM32G0B1NEY6TR, STM32G0B1RCT6N, STM32G0C1CCT6, STM32G0C1CCT6N, STM32G0C1CCU6N, STM32G0C1CET6N, STM32G0C1CEU6N, STM32G0C1KCT6, STM32G0C1NEY6TR, STM32G0C1RCI6N, STM32G0C1RCT6N, STM32G0C1REI6N, STM32G0C1RET6N, STM32G0C1VCI6, STM32G0C1VEI6, STM32G411C6T3, STM32G411C6T6, STM32G411C6U3, STM32G411C6U6, STM32G411C8T3, STM32G411C8T6, STM32G411C8U3, STM32G411C8U6, STM32G411CBT3, STM32G411CBT6, STM32G411CBU3, STM32G411CBU6, STM32G411K6T3, STM32G411K6T6, STM32G411K6U3, STM32G411K6U6, STM32G411K8T3, STM32G411K8T6, STM32G411K8U3, STM32G411K8U6, STM32G411KBT3, STM32G411KBT6, STM32G411KBU3, STM32G411KBU6, STM32G411M6T3, STM32G411M6T6, STM32G411M8T3, STM32G411M8T6, STM32G411MBT3, STM32G411MBT6, STM32G411R6T3, STM32G411R6T6, STM32G411R8T3, STM32G411R8T6, STM32G411RBT3, STM32G411RBT6, STM32G414CBT3, STM32G414CBT6, STM32G414CBU3, STM32G414CBU6, STM32G414CCT3, STM32G414CCT6, STM32G414CCU3, STM32G414CCU6, STM32G414MBT3, STM32G414MBT6, STM32G414MCT3, STM32G414MCT6, STM32G414RBT3, STM32G414RBT6, STM32G414RCT3, STM32G414RCT6, STM32G414VBT3, STM32G414VBT6, STM32G414VCT3, STM32G414VCT6, STM32G431CBT3Z, STM32G431RBT3Z, STM32G471CCT6, STM32G471CCU6, STM32G471CET3, STM32G471CET6, STM32G471CEU3, STM32G471CEU6, STM32G471MCT6, STM32G471MET3, STM32G471MET6, STM32G471MEY6TR, STM32G471QCT6, STM32G471QET3, STM32G471RCT6, STM32G471RET3, STM32G471RET6, STM32G471VCH6, STM32G471VCI6, STM32G471VCT6, STM32G471VEH3, STM32G471VEH6, STM32G471VEI3, STM32G471VEI6, STM32G471VET3, STM32G471VET6, STM32G473QET3Z, STM32G473RET3Z, STM32G474CCT6, STM32G491RET3Z, STM32H503CBT6, STM32H503CBU6, STM32H503EBY6TR, STM32H503KBU6, STM32H503RBT6, STM32H523CCT6, STM32H523CCU6, STM32H523CET6, STM32H523CEU6, STM32H523HEY6TR, STM32H523RCT6, STM32H523RET6, STM32H523VCI6, STM32H523VCT6, STM32H523VEI6, STM32H523VET6, STM32H523ZCJ6, STM32H523ZCT6, STM32H523ZEJ6, STM32H523ZET6, STM32H533CET6, STM32H533CEU6, STM32H533HEY6TR, STM32H533RET6, STM32H533VEI6, STM32H533VET6, STM32H533ZEJ6, STM32H533ZET6, STM32H562AGI6, STM32H562AII6, STM32H562IGK6, STM32H562IGT6, STM32H562IIK6, STM32H562IIT6, STM32H562RGT6, STM32H562RGV6, STM32H562RIT6, STM32H562RIV6, STM32H562VGT6, STM32H562VIT6, STM32H562ZGT6, STM32H562ZIT6, STM32H563AGI6, STM32H563AII3Q, STM32H563AII6, STM32H563IGK6, STM32H563IGT6, STM32H563IIK3Q, STM32H563IIK6, STM32H563IIT3Q, STM32H563IIT6, STM32H563MIY3QTR, STM32H563RGT6, STM32H563RGV6, STM32H563RIT6, STM32H563RIV6, STM32H563VGT6, STM32H563VIT3Q, STM32H563VIT6, STM32H563ZGT6, STM32H563ZIT3Q, STM32H563ZIT6, STM32H573AII3Q, STM32H573AII6, STM32H573I-DK, STM32H573IIK3Q, STM32H573IIK6, STM32H573IIT3Q, STM32H573IIT6, STM32H573MIY3QTR, STM32H573RIT6, STM32H573RIV6, STM32H573VIT3Q, STM32H573VIT6, STM32H573ZIT3Q, STM32H573ZIT6, STM32H7R3A8I6, STM32H7R3I8K6, STM32H7R3I8T6, STM32H7R3L8H6, STM32H7R3L8H6H, STM32H7R3R8V6, STM32H7R3V8H6, STM32H7R3V8T6, STM32H7R3V8Y6TR, STM32H7R3Z8J6, STM32H7R3Z8T6, STM32H7R7A8I6, STM32H7R7I8K6, STM32H7R7I8T6, STM32H7R7L8H6, STM32H7R7L8H6H, STM32H7R7Z8J6, STM32H7S3A8I6, STM32H7S3I8K6, STM32H7S3I8T6, STM32H7S3L8H6, STM32H7S3L8H6H, STM32H7S3R8V6, STM32H7S3V8H6, STM32H7S3V8T6, STM32H7S3V8Y6TR, STM32H7S3Z8J6, STM32H7S3Z8T6, STM32H7S78-DK, STM32H7S7A8I6, STM32H7S7I8K6, STM32H7S7I8T6, STM32H7S7L8H6, STM32H7S7L8H6H, STM32H7S7Z8J6, STM32L4R5QGI6STR, STM32MP131AAE3, STM32MP131AAF3, STM32MP131AAG3, STM32MP131CAE3, STM32MP131CAF3, STM32MP131CAG3, STM32MP131DAE7, STM32MP131DAF7, STM32MP131DAG7, STM32MP131FAE7, STM32MP131FAF7, STM32MP131FAG7, STM32MP133AAE3, STM32MP133AAF3, STM32MP133AAG3, STM32MP133CAE3, STM32MP133CAF3, STM32MP133CAG3, STM32MP133DAE7, STM32MP133DAF7, STM32MP133DAG7, STM32MP133FAE7, STM32MP133FAF7, STM32MP133FAG7, STM32MP135AAE3, STM32MP135AAF3, STM32MP135AAG3, STM32MP135CAE3, STM32MP135CAF3, STM32MP135CAG3, STM32MP135DAE7, STM32MP135DAF7, STM32MP135DAG7, STM32MP135F-DK, STM32MP135FAE7, STM32MP135FAF7, STM32MP135FAF7T, STM32MP135FAF7U, STM32MP135FAG7, STM32MP211AAL3, STM32MP211AAM3, STM32MP211AAN3, STM32MP211AAO3, STM32MP211CAL3, STM32MP211CAM3, STM32MP211CAN3, STM32MP211CAO3, STM32MP211DAL3, STM32MP211DAM3, STM32MP211DAN3, STM32MP211DAO3, STM32MP211FAL3, STM32MP211FAM3, STM32MP211FAN3, STM32MP211FAO3, STM32MP213AAL3, STM32MP213AAM3, STM32MP213AAN3, STM32MP213AAO3, STM32MP213CAL3, STM32MP213CAM3, STM32MP213CAN3, STM32MP213CAO3, STM32MP213DAL3, STM32MP213DAM3, STM32MP213DAN3, STM32MP213DAO3, STM32MP213FAL3, STM32MP213FAM3, STM32MP213FAN3, STM32MP213FAO3, STM32MP215AAL3, STM32MP215AAM3, STM32MP215AAN3, STM32MP215AAO3, STM32MP215CAL3, STM32MP215CAM3, STM32MP215CAN3, STM32MP215CAO3, STM32MP215DAL3, STM32MP215DAM3, STM32MP215DAN3, STM32MP215DAO3, STM32MP215F-DK, STM32MP215FAL3, STM32MP215FAM3, STM32MP215FAN3, STM32MP215FAO3, STM32MP231AAJ3, STM32MP231AAK3, STM32MP231AAL3, STM32MP231CAJ3, STM32MP231CAK3, STM32MP231CAL3, STM32MP231DAJ3, STM32MP231DAK3, STM32MP231DAL3, STM32MP231FAJ3, STM32MP231FAK3, STM32MP231FAL3, STM32MP233AAJ3, STM32MP233AAK3, STM32MP233AAL3, STM32MP233CAJ3, STM32MP233CAK3, STM32MP233CAL3, STM32MP233DAJ3, STM32MP233DAK3, STM32MP233DAL3, STM32MP233FAJ3, STM32MP233FAK3, STM32MP233FAL3, STM32MP235AAJ3, STM32MP235AAK3, STM32MP235AAL3, STM32MP235CAJ3, STM32MP235CAK3, STM32MP235CAL3, STM32MP235DAJ3, STM32MP235DAK3, STM32MP235DAL3, STM32MP235FAJ3, STM32MP235FAK3, STM32MP235FAL3, STM32MP251AAI3, STM32MP251AAK3, STM32MP251AAL3, STM32MP251CAI3, STM32MP251CAK3, STM32MP251CAL3, STM32MP251DAI3, STM32MP251DAK3, STM32MP251DAL3, STM32MP251FAI3, STM32MP251FAK3, STM32MP251FAL3, STM32MP253AAI3, STM32MP253AAK3, STM32MP253AAL3, STM32MP253CAI3, STM32MP253CAK3, STM32MP253CAL3, STM32MP253DAI3, STM32MP253DAK3, STM32MP253DAL3, STM32MP253FAI3, STM32MP253FAK3, STM32MP253FAL3, STM32MP255AAI3, STM32MP255AAK3, STM32MP255AAL3, STM32MP255CAI3, STM32MP255CAK3, STM32MP255CAL3, STM32MP255DAI3, STM32MP255DAK3, STM32MP255DAL3, STM32MP255FAI3, STM32MP255FAK3, STM32MP255FAL3, STM32MP257AAI3, STM32MP257AAK3, STM32MP257AAL3, STM32MP257CAI3, STM32MP257CAK3, STM32MP257CAL3, STM32MP257DAI3, STM32MP257DAK3, STM32MP257DAL3, STM32MP257F-DK, STM32MP257F-EV1, STM32MP257FAI3, STM32MP257FAK3, STM32MP257FAL3, STM32N645A0H3Q, STM32N645B0H3Q, STM32N645I0H3Q, STM32N645L0H3Q, STM32N645X0H3Q, STM32N645Z0H3Q, STM32N647A0H3Q, STM32N647B0H3Q, STM32N647I0H3Q, STM32N647L0H3Q, STM32N647X0H3Q, STM32N647Z0H3Q, STM32N655A0H3Q, STM32N655B0H3Q, STM32N655I0H3Q, STM32N655L0H3Q, STM32N655X0H3Q, STM32N655Z0H3Q, STM32N6570-DK, STM32N657A0H3Q, STM32N657B0H3Q, STM32N657I0H3Q, STM32N657L0H3Q, STM32N657X0H3Q, STM32N657Z0H3Q, STM32U031C6T6, STM32U031C6U6, STM32U031C8T6, STM32U031C8U6, STM32U031F4P6, STM32U031F6P6, STM32U031F8P6, STM32U031G6Y6TR, STM32U031G8Y6TR, STM32U031K4U6, STM32U031K6U6, STM32U031K8U6, STM32U031R6I6, STM32U031R6T6, STM32U031R8I6, STM32U031R8T6, STM32U073C8T6, STM32U073C8U6, STM32U073CBT6, STM32U073CBU6, STM32U073CCT6, STM32U073CCU6, STM32U073H8Y6TR, STM32U073HBY6TR, STM32U073HCY6TR, STM32U073K8U6, STM32U073KBU6, STM32U073KCU6, STM32U073M8I6, STM32U073M8T6, STM32U073MBI6, STM32U073MBT6, STM32U073MCI6, STM32U073MCT6, STM32U073R8I6, STM32U073R8T6, STM32U073RBI6, STM32U073RBT6, STM32U073RCI6, STM32U073RCT6, STM32U083C-DK, STM32U083CCT6, STM32U083CCU6, STM32U083HCY6TR, STM32U083KCU6, STM32U083MCI6, STM32U083MCT6, STM32U083RCI6, STM32U083RCT6, STM32U375CET6, STM32U375CET6Q, STM32U375CEU6, STM32U375CEU6Q, STM32U375CEY6QTR, STM32U375CGT6, STM32U375CGT6Q, STM32U375CGU6, STM32U375CGU6Q, STM32U375CGY6QTR, STM32U375KEU6, STM32U375KGU6, STM32U375REI6, STM32U375REI6Q, STM32U375RET6, STM32U375RET6Q, STM32U375REY6GTR, STM32U375REY6QTR, STM32U375RGI6, STM32U375RGI6Q, STM32U375RGT6, STM32U375RGT6Q, STM32U375RGY6GTR, STM32U375RGY6QTR, STM32U375VEI6, STM32U375VEI6Q, STM32U375VET6, STM32U375VET6Q, STM32U375VGI6, STM32U375VGI6Q, STM32U375VGT6, STM32U375VGT6Q, STM32U385CGT6, STM32U385CGT6Q, STM32U385CGU6, STM32U385CGU6Q, STM32U385CGY6QTR, STM32U385KGU6, STM32U385RGI6, STM32U385RGI6Q, STM32U385RGT6, STM32U385RGT6Q, STM32U385RGY6GTR, STM32U385RGY6QTR, STM32U385VGI6, STM32U385VGI6Q, STM32U385VGT6, STM32U385VGT6Q, STM32U535CBT6, STM32U535CBT6Q, STM32U535CBU6, STM32U535CBU6Q, STM32U535CCT6, STM32U535CCT6Q, STM32U535CCU6, STM32U535CCU6Q, STM32U535CET6, STM32U535CET6Q, STM32U535CEU6, STM32U535CEU6Q, STM32U535JEY6QTR, STM32U535NCY6QTR, STM32U535NEY6QTR, STM32U535RBI6, STM32U535RBI6Q, STM32U535RBT6, STM32U535RBT6Q, STM32U535RCI6, STM32U535RCI6Q, STM32U535RCT6, STM32U535RCT6Q, STM32U535REI6, STM32U535REI6Q, STM32U535RET6, STM32U535RET6Q, STM32U535VCI6, STM32U535VCI6Q, STM32U535VCT6, STM32U535VCT6Q, STM32U535VEI6, STM32U535VEI6Q, STM32U535VET6, STM32U535VET6Q, STM32U545CET6, STM32U545CET6Q, STM32U545CEU6, STM32U545CEU6Q, STM32U545JEY6QTR, STM32U545NEY6QTR, STM32U545REI6, STM32U545REI6Q, STM32U545RET6, STM32U545RET6Q, STM32U545VEI6, STM32U545VEI6Q, STM32U545VET6, STM32U545VET6Q, STM32U595AIH6, STM32U595AIH6Q, STM32U595AJH6, STM32U595AJH6Q, STM32U595QII6, STM32U595QII6Q, STM32U595QJI6, STM32U595QJI6Q, STM32U595RIT6, STM32U595RIT6Q, STM32U595RJT6, STM32U595RJT6Q, STM32U595VIT6, STM32U595VIT6Q, STM32U595VJT6, STM32U595VJT6Q, STM32U595ZIT6, STM32U595ZIT6Q, STM32U595ZIY6QTR, STM32U595ZJT6, STM32U595ZJT6Q, STM32U595ZJY6QTR, STM32U599BJY6QTR, STM32U599NIH6Q, STM32U599NJH6Q, STM32U599VIT6Q, STM32U599VJT6, STM32U599VJT6Q, STM32U599ZIT6Q, STM32U599ZIY6QTR, STM32U599ZJT6Q, STM32U599ZJY6QTR, STM32U5A5AJH6, STM32U5A5AJH6Q, STM32U5A5QII3Q , STM32U5A5QJI6, STM32U5A5QJI6Q, STM32U5A5RJT6, STM32U5A5RJT6Q, STM32U5A5VJT6, STM32U5A5VJT6Q, STM32U5A5ZJT6, STM32U5A5ZJT6Q, STM32U5A5ZJY6QTR, STM32U5A9BJY6QTR, STM32U5A9J-DK, STM32U5A9NJH6Q, STM32U5A9VJT6Q, STM32U5A9ZJT6Q, STM32U5A9ZJY6QTR, STM32U5F7VIT6, STM32U5F7VIT6Q, STM32U5F7VJT6, STM32U5F7VJT6Q, STM32U5F9BJY6QTR, STM32U5F9NJH6Q, STM32U5F9VIT6Q, STM32U5F9VJT6Q, STM32U5F9ZIJ6QTR, STM32U5F9ZIT6Q, STM32U5F9ZJJ6QTR, STM32U5F9ZJT6Q, STM32U5G7VJT6, STM32U5G7VJT6Q, STM32U5G9BJY6QTR, STM32U5G9J-DK1, STM32U5G9J-DK2, STM32U5G9NJH6Q, STM32U5G9VJT6Q, STM32U5G9ZJJ6QTR, STM32U5G9ZJT6Q, STM32WB05KZV6TR, STM32WB05KZV7TR, STM32WB05TZF6TR, STM32WB05TZF7TR, STM32WB06CCF6TR, STM32WB06CCF7TR, STM32WB06CCV6TR, STM32WB06CCV7TR, STM32WB06KCV6TR, STM32WB06KCV7TR, STM32WB07CCF6TR, STM32WB07CCF7TR, STM32WB07CCV6TR, STM32WB07CCV7TR, STM32WB07KCV6TR, STM32WB07KCV7TR, STM32WB09KEV6TR, STM32WB09KEV7TR, STM32WB09TEF6TR, STM32WB09TEF7TR, STM32WB1MMCH6, STM32WBA50KGU6, STM32WBA50KGU6TR, STM32WBA52CEU6, STM32WBA52CEU6TR, STM32WBA52CEU7, STM32WBA52CEU7TR, STM32WBA52CGU6, STM32WBA52CGU6TR, STM32WBA52CGU6U, STM32WBA52CGU7, STM32WBA52CGU7TR, STM32WBA52KEU6, STM32WBA52KEU6TR, STM32WBA52KGU6, STM32WBA52KGU6TR, STM32WBA54CEU6, STM32WBA54CEU6TR, STM32WBA54CEU7, STM32WBA54CEU7TR, STM32WBA54CGU6, STM32WBA54CGU6TR, STM32WBA54CGU7, STM32WBA54CGU7TR, STM32WBA54KEU6, STM32WBA54KEU6TR, STM32WBA54KEU7, STM32WBA54KEU7TR, STM32WBA54KGU6, STM32WBA54KGU6TR, STM32WBA54KGU7, STM32WBA54KGU7TR, STM32WBA55CEU6, STM32WBA55CEU6TR, STM32WBA55CEU7, STM32WBA55CEU7TR, STM32WBA55CGU6, STM32WBA55CGU6TR, STM32WBA55CGU6U, STM32WBA55CGU7, STM32WBA55CGU7TR, STM32WBA55G-DK1, STM32WBA55HEF6, STM32WBA55HEF7, STM32WBA55HGF6, STM32WBA55HGF7, STM32WBA55UEI6, STM32WBA55UEI6TR, STM32WBA55UEI7, STM32WBA55UEI7TR, STM32WBA55UGI6, STM32WBA55UGI6TR, STM32WBA55UGI7, STM32WBA55UGI7TR, STM32WBA5MMGH6TR, STM32WBA62MGF6, STM32WBA62MIF6, STM32WBA65MGF7, STM32WBA65MIF6, STM32WBA65MIF7, STM32WL30K8V6, STM32WL30KBV6, STM32WL31C8V6, STM32WL31CBV6, STM32WL31K8V6, STM32WL31KBV6, STM32WL33C8V6, STM32WL33C8V6X, STM32WL33CBV6, STM32WL33CBV6X, STM32WL33CCV6, STM32WL33CCV6A, STM32WL33CCV6X, STM32WL33K8V7, STM32WL33K8V7X, STM32WL33KBV7 , STM32WL33KBV7X, STM32WL33KCV7, STM32WL33KCV7X, STM32WL5MOCH6, STM32WL5MOCH6TR]
2026-03-31 21:06:23,190 [INFO] DbMcus:218 - Found 5055 MCUs, 4968 are supported
2026-03-31 21:06:23,221 [INFO] ApiDb:423 - Load user favorites file C:\Users\User/.stm32cubeide/favorites.mcus.txt: 0 item(s)
2026-03-31 21:06:23,222 [INFO] ApiDb:427 - User favorites MCUs=[]
2026-03-31 21:06:23,222 [INFO] DbMcus:224 - Set 0 / 0 favorites MCUs
2026-03-31 21:06:24,621 [INFO] BoardInfo:889 - No configuration file found for board NUCLEO-H5E5ZJ
2026-03-31 21:06:24,623 [INFO] DbBoards:161 - Board is not supported: NUCLEO-H5E5ZJ
2026-03-31 21:06:24,692 [INFO] BoardInfo:889 - No configuration file found for board NUCLEO-U3C5ZI-Q
2026-03-31 21:06:24,694 [INFO] DbBoards:161 - Board is not supported: NUCLEO-U3C5ZI-Q
2026-03-31 21:06:24,708 [INFO] BoardInfo:889 - No configuration file found for board NUCLEO-WBA25CE1
2026-03-31 21:06:24,709 [INFO] DbBoards:161 - Board is not supported: NUCLEO-WBA25CE1
2026-03-31 21:06:24,717 [INFO] BoardInfo:889 - No configuration file found for board NUCLEO-WL3RKB1
2026-03-31 21:06:24,720 [INFO] DbBoards:161 - Board is not supported: NUCLEO-WL3RKB1
2026-03-31 21:06:24,721 [INFO] BoardInfo:889 - No configuration file found for board NUCLEO-WL3RKB2
2026-03-31 21:06:24,722 [INFO] DbBoards:161 - Board is not supported: NUCLEO-WL3RKB2
2026-03-31 21:06:24,729 [INFO] BoardInfo:889 - No configuration file found for board P-NUCLEO-WB55
2026-03-31 21:06:24,731 [INFO] DbBoards:161 - Kit is not supported: P-NUCLEO-WB55
2026-03-31 21:06:24,741 [INFO] BoardInfo:889 - No configuration file found for board STEVAL-BFA001V1B
2026-03-31 21:06:24,741 [INFO] DbBoards:161 - Kit is not supported: STEVAL-BFA001V1B
2026-03-31 21:06:24,742 [INFO] BoardInfo:889 - No configuration file found for board STEVAL-BFA001V2B
2026-03-31 21:06:24,743 [INFO] DbBoards:161 - Kit is not supported: STEVAL-BFA001V2B
2026-03-31 21:06:24,891 [INFO] BoardInfo:889 - No configuration file found for board STM32H5F5J-DK
2026-03-31 21:06:24,893 [INFO] DbBoards:161 - Board is not supported: STM32H5F5J-DK
2026-03-31 21:06:25,123 [INFO] DbBoards:168 - Found 218 boards, 209 are supported
2026-03-31 21:06:25,123 [INFO] DbBoards:169 - Found 218 boards, 43 of them is supported for  Bsp
2026-03-31 21:06:25,137 [INFO] ApiDb:423 - Load user favorites file C:\Users\User/.stm32cubeide/favorites.boards.txt: 0 item(s)
2026-03-31 21:06:25,138 [INFO] ApiDb:427 - User favorites Boards=[]
2026-03-31 21:06:25,138 [INFO] DbBoards:198 - Set 0 / 0 favorites Boards
2026-03-31 21:06:25,211 [INFO] UtilMem:75 - End LoadConfig() Used Memory: 969823448 Bytes (1073741824)
2026-03-31 21:06:25,589 [WARN] ThirdParty:833 - waiting for thirdparty lock release [change project]
2026-03-31 21:06:25,591 [INFO] ThirdParty:835 - entering critical section [change project]
2026-03-31 21:06:25,592 [INFO] ThirdParty:1030 - CMSIS Pack Vendor :STMicroelectronics X-CUBE-AZRTOS-H7 3.5.0
2026-03-31 21:06:25,592 [INFO] ThirdParty:1030 - CMSIS Pack Vendor :STMicroelectronics X-CUBE-PM33A1 1.0.0
2026-03-31 21:06:25,592 [INFO] ThirdParty:1030 - CMSIS Pack Vendor :STMicroelectronics USBPD 4.1
2026-03-31 21:06:25,592 [INFO] ThirdParty:1030 - CMSIS Pack Vendor :STMicroelectronics X-CUBE-NFC9 1.0.0
2026-03-31 21:06:25,592 [INFO] ThirdParty:1030 - CMSIS Pack Vendor :STMicroelectronics USB_HOST 2.0.0
2026-03-31 21:06:25,592 [INFO] ThirdParty:1030 - CMSIS Pack Vendor :STMicroelectronics X-CUBE-AZRTOS-F4 1.1.0
2026-03-31 21:06:25,592 [INFO] ThirdParty:1030 - CMSIS Pack Vendor :STMicroelectronics LIBJPEG 8.0.0
2026-03-31 21:06:25,592 [INFO] ThirdParty:1030 - CMSIS Pack Vendor :STMicroelectronics FP-ATR-ASTRA1 2.0.2
2026-03-31 21:06:25,592 [INFO] ThirdParty:1030 - CMSIS Pack Vendor :STMicroelectronics X-CUBE-BLE1 7.1.0
2026-03-31 21:06:25,593 [INFO] ThirdParty:1030 - CMSIS Pack Vendor :STMicroelectronics X-CUBE-SMBUS 2.1.0
2026-03-31 21:06:25,593 [INFO] ThirdParty:1030 - CMSIS Pack Vendor :wolfSSL I-CUBE-wolfMQTT 1.19.2
2026-03-31 21:06:25,593 [INFO] ThirdParty:1030 - CMSIS Pack Vendor :STMicroelectronics USB_DEVICE 3.0.0
2026-03-31 21:06:25,593 [INFO] ThirdParty:1030 - CMSIS Pack Vendor :STMicroelectronics X-CUBE-ISPU 2.1.0
2026-03-31 21:06:25,593 [INFO] ThirdParty:1030 - CMSIS Pack Vendor :STMicroelectronics X-CUBE-EEPRMA1 5.2.0
2026-03-31 21:06:25,593 [INFO] ThirdParty:1030 - CMSIS Pack Vendor :STMicroelectronics X-CUBE-IPS 3.2.0
2026-03-31 21:06:25,593 [INFO] ThirdParty:1030 - CMSIS Pack Vendor :STMicroelectronics X-CUBE-BLEMGR 4.1.0
2026-03-31 21:06:25,593 [INFO] ThirdParty:1030 - CMSIS Pack Vendor :STMicroelectronics X-CUBE-AZRTOS-WB 2.0.0
2026-03-31 21:06:25,593 [INFO] ThirdParty:1030 - CMSIS Pack Vendor :wolfSSL I-CUBE-wolfSSL 5.8.4
2026-03-31 21:06:25,593 [INFO] ThirdParty:1030 - CMSIS Pack Vendor :Cesanta I-CUBE-Mongoose 7.20.0
2026-03-31 21:06:25,593 [INFO] ThirdParty:1030 - CMSIS Pack Vendor :STMicroelectronics X-CUBE-NFC12 1.0.0
2026-03-31 21:06:25,593 [INFO] ThirdParty:1030 - CMSIS Pack Vendor :STMicroelectronics X-CUBE-AZRTOS-F7 1.1.0
2026-03-31 21:06:25,594 [INFO] ThirdParty:1030 - CMSIS Pack Vendor :STMicroelectronics X-CUBE-AZRTOS-L5 2.0.0
2026-03-31 21:06:25,594 [INFO] ThirdParty:1030 - CMSIS Pack Vendor :STMicroelectronics USB_DEVICE 2.0.0
2026-03-31 21:06:25,594 [INFO] ThirdParty:1030 - CMSIS Pack Vendor :quantropi X-CUBE-qispace-sdk-base 2.1.0
2026-03-31 21:06:25,594 [INFO] ThirdParty:1030 - CMSIS Pack Vendor :STMicroelectronics X-CUBE-MEMS1 12.0.0
2026-03-31 21:06:25,594 [INFO] ThirdParty:1030 - CMSIS Pack Vendor :STMicroelectronics X-CUBE-STSE01 2.0.0
2026-03-31 21:06:25,594 [INFO] ThirdParty:1030 - CMSIS Pack Vendor :STMicroelectronics FP-SNS-MOTENV1 5.1.0
2026-03-31 21:06:25,594 [INFO] ThirdParty:1030 - CMSIS Pack Vendor :STMicroelectronics FreeRTOS 0.0.1
2026-03-31 21:06:25,594 [INFO] ThirdParty:1030 - CMSIS Pack Vendor :STMicroelectronics X-CUBE-AZRTOS-G0 1.1.0
2026-03-31 21:06:25,594 [INFO] ThirdParty:1030 - CMSIS Pack Vendor :STMicroelectronics X-CUBE-NFC4 3.0.0
2026-03-31 21:06:25,594 [INFO] ThirdParty:1030 - CMSIS Pack Vendor :STMicroelectronics X-CUBE-SUBG2 5.0.0
2026-03-31 21:06:25,594 [INFO] ThirdParty:1030 - CMSIS Pack Vendor :STMicroelectronics STM32_WPAN 1.0.0
2026-03-31 21:06:25,594 [INFO] ThirdParty:1030 - CMSIS Pack Vendor :EmbeddedOffice I-CUBE-FS-RTOS 1.0.1
2026-03-31 21:06:25,595 [INFO] ThirdParty:1030 - CMSIS Pack Vendor :STMicroelectronics lwIP 2.0.3
2026-03-31 21:06:25,595 [INFO] ThirdParty:1030 - CMSIS Pack Vendor :WES I-CUBE-Cesium 1.4.0
2026-03-31 21:06:25,595 [INFO] ThirdParty:1030 - CMSIS Pack Vendor :STMicroelectronics USB_HOST 1.0.0
2026-03-31 21:06:25,595 [INFO] ThirdParty:1030 - CMSIS Pack Vendor :STMicroelectronics X-CUBE-AZRTOS-G4 2.0.0
2026-03-31 21:06:25,595 [INFO] ThirdParty:1030 - CMSIS Pack Vendor :STMicroelectronics X-CUBE-WB05N 2.0.0
2026-03-31 21:06:25,595 [INFO] ThirdParty:1030 - CMSIS Pack Vendor :STMicroelectronics PDM2PCM 3.1.0
2026-03-31 21:06:25,595 [INFO] ThirdParty:1030 - CMSIS Pack Vendor :STMicroelectronics PDM2PCM 3.3.0
2026-03-31 21:06:25,595 [INFO] ThirdParty:1030 - CMSIS Pack Vendor :wolfSSL I-CUBE-wolfTPM 3.8.0
2026-03-31 21:06:25,595 [INFO] ThirdParty:1030 - CMSIS Pack Vendor :STMicroelectronics X-CUBE-DISPLAY 3.0.0
2026-03-31 21:06:25,595 [INFO] ThirdParty:1030 - CMSIS Pack Vendor :wolfSSL I-CUBE-wolfSSH 1.4.20
2026-03-31 21:06:25,595 [INFO] ThirdParty:1030 - CMSIS Pack Vendor :STMicroelectronics X-CUBE-NFC7 2.0.0
2026-03-31 21:06:25,596 [INFO] ThirdParty:1030 - CMSIS Pack Vendor :STMicroelectronics FP-SNS-MOTENVWB1 1.5.0
2026-03-31 21:06:25,596 [INFO] ThirdParty:1030 - CMSIS Pack Vendor :STMicroelectronics X-CUBE-TCPP 4.2.0
2026-03-31 21:06:25,596 [INFO] ThirdParty:1030 - CMSIS Pack Vendor :RealThread X-CUBE-RT-Thread_Nano 4.1.1
2026-03-31 21:06:25,596 [INFO] ThirdParty:1030 - CMSIS Pack Vendor :STMicroelectronics FP-ATR-SIGFOX1 3.2.0
2026-03-31 21:06:25,596 [INFO] ThirdParty:1030 - CMSIS Pack Vendor :STMicroelectronics X-CUBE-NFC10 1.0.0
2026-03-31 21:06:25,596 [INFO] ThirdParty:1030 - CMSIS Pack Vendor :STMicroelectronics HAL Drivers 0.0.0
2026-03-31 21:06:25,596 [INFO] ThirdParty:1030 - CMSIS Pack Vendor :STMicroelectronics X-CUBE-FREERTOS 1.5.0
2026-03-31 21:06:25,596 [INFO] ThirdParty:1030 - CMSIS Pack Vendor :STMicroelectronics MBEDTLS 2.16.2
2026-03-31 21:06:25,596 [INFO] ThirdParty:1030 - CMSIS Pack Vendor :STMicroelectronics X-CUBE-ST60 1.1.0
2026-03-31 21:06:25,596 [INFO] ThirdParty:1030 - CMSIS Pack Vendor :STMicroelectronics X-CUBE-ALS 1.0.2
2026-03-31 21:06:25,596 [INFO] ThirdParty:1030 - CMSIS Pack Vendor :emotas I-CUBE-CANOPEN 1.3.0
2026-03-31 21:06:25,596 [INFO] ThirdParty:1030 - CMSIS Pack Vendor :STMicroelectronics MBEDTLS 2.14.1
2026-03-31 21:06:25,597 [INFO] ThirdParty:1030 - CMSIS Pack Vendor :STMicroelectronics X-CUBE-GNSS1 7.1.0
2026-03-31 21:06:25,597 [INFO] ThirdParty:1030 - CMSIS Pack Vendor :ITTIA_DB I-CUBE-ITTIADB 8.9.0
2026-03-31 21:06:25,597 [INFO] ThirdParty:1030 - CMSIS Pack Vendor :STMicroelectronics X-CUBE-TOUCHGFX 4.26.1
2026-03-31 21:06:25,597 [INFO] ThirdParty:1030 - CMSIS Pack Vendor :STMicroelectronics X-CUBE-NFC6 3.2.0
2026-03-31 21:06:25,597 [INFO] ThirdParty:1030 - CMSIS Pack Vendor :STMicroelectronics FP-SNS-STBOX1 2.1.0
2026-03-31 21:06:25,597 [INFO] ThirdParty:1030 - CMSIS Pack Vendor :STMicroelectronics X-CUBE-AI 10.2.0
2026-03-31 21:06:25,597 [INFO] ThirdParty:1030 - CMSIS Pack Vendor :STMicroelectronics FP-SNS-STAIOTCFT 1.0.0
2026-03-31 21:06:25,597 [INFO] ThirdParty:1030 - CMSIS Pack Vendor :STMicroelectronics ThreadX 1.0.0
2026-03-31 21:06:25,597 [INFO] ThirdParty:1030 - CMSIS Pack Vendor :STMicroelectronics FP-SNS-SMARTAG2 1.2.0
2026-03-31 21:06:25,597 [INFO] ThirdParty:1030 - CMSIS Pack Vendor :STMicroelectronics FP-SNS-FLIGHT1 5.1.0
2026-03-31 21:06:25,597 [INFO] ThirdParty:1030 - CMSIS Pack Vendor :STMicroelectronics X-CUBE-AZRTOS-WL 2.0.0
2026-03-31 21:06:25,597 [INFO] ThirdParty:1030 - CMSIS Pack Vendor :SEGGER I-CUBE-embOS 1.3.1
2026-03-31 21:06:25,597 [INFO] ThirdParty:1030 - CMSIS Pack Vendor :STMicroelectronics X-CUBE-ALGOBUILD 1.4.0
2026-03-31 21:06:25,597 [INFO] ThirdParty:1030 - CMSIS Pack Vendor :STMicroelectronics X-CUBE-DPower 1.3.0
2026-03-31 21:06:25,598 [INFO] ThirdParty:1030 - CMSIS Pack Vendor :STMicroelectronics USB_DEVICE 1.0.0
2026-03-31 21:06:25,598 [INFO] ThirdParty:1030 - CMSIS Pack Vendor :STMicroelectronics X-CUBE-AZRTOS-H7RS 1.2.0
2026-03-31 21:06:25,598 [INFO] ThirdParty:1030 - CMSIS Pack Vendor :STMicroelectronics X-CUBE-AZRTOS-L4 2.0.0
2026-03-31 21:06:25,598 [INFO] ThirdParty:1030 - CMSIS Pack Vendor :STMicroelectronics ThreadX 0.0.2
2026-03-31 21:06:25,598 [INFO] ThirdParty:1030 - CMSIS Pack Vendor :STMicroelectronics lwIP 2.1.2
2026-03-31 21:06:25,598 [INFO] ThirdParty:1030 - CMSIS Pack Vendor :STMicroelectronics X-CUBE-SFXS2LP1 4.0.0
2026-03-31 21:06:25,598 [INFO] ThirdParty:1030 - CMSIS Pack Vendor :STMicroelectronics X-CUBE-BLE2 3.3.0
2026-03-31 21:06:25,598 [INFO] ThirdParty:1030 - CMSIS Pack Vendor :Avnet-IOTCONNECT X-CUBE-iotc-st67-sdk 1.0.0
2026-03-31 21:06:25,598 [INFO] ThirdParty:1030 - CMSIS Pack Vendor :STMicroelectronics X-CUBE-TOF1 3.4.3
2026-03-31 21:06:25,598 [INFO] ThirdParty:1030 - CMSIS Pack Vendor :Infineon AIROC-Wi-Fi-Bluetooth-STM32 1.8.0
2026-03-31 21:06:25,598 [INFO] ThirdParty:1030 - CMSIS Pack Vendor :STMicroelectronics PDM2PCM 3.2.0
2026-03-31 21:06:25,598 [INFO] ThirdParty:1030 - CMSIS Pack Vendor :STMicroelectronics X-CUBE-ST67W61 1.2.0
2026-03-31 21:06:25,599 [INFO] ThirdParty:841 - exiting critical section [change project]
2026-03-31 21:06:26,692 [INFO] PinOutPanel:1589 - setPackage(No Configuration,No Configuration)
2026-03-31 21:06:26,694 [INFO] PinOutPanel:1589 - setPackage(STM32F401CCUx,UFQFPN48)
2026-03-31 21:06:27,765 [INFO] UtilMem:75 - Before build in PCC Used Memory: 711634536 Bytes (1073741824)
2026-03-31 21:06:29,414 [INFO] UtilMem:75 - After build in PCC Used Memory: 810867952 Bytes (1073741824)
2026-03-31 21:06:29,548 [INFO] ApiDbMcu:532 - Load IP Config File for FREERTOS
2026-03-31 21:06:29,599 [INFO] IPUIPlugin:80 - create IPUIPlugin
2026-03-31 21:06:29,601 [INFO] IPUIPlugin:80 - create IPUIPlugin
2026-03-31 21:06:29,602 [INFO] IPUIPlugin:80 - create IPUIPlugin
2026-03-31 21:06:29,602 [INFO] IPUIPlugin:80 - create IPUIPlugin
2026-03-31 21:06:29,602 [INFO] IPUIPlugin:80 - create IPUIPlugin
2026-03-31 21:06:29,602 [INFO] IPUIPlugin:80 - create IPUIPlugin
2026-03-31 21:06:29,603 [INFO] IPUIPlugin:80 - create IPUIPlugin
2026-03-31 21:06:29,603 [INFO] IPUIPlugin:80 - create IPUIPlugin
2026-03-31 21:06:29,603 [INFO] IPUIPlugin:80 - create IPUIPlugin
2026-03-31 21:06:29,603 [INFO] IPUIPlugin:80 - create IPUIPlugin
2026-03-31 21:06:29,603 [INFO] IPUIPlugin:80 - create IPUIPlugin
2026-03-31 21:06:29,603 [INFO] IPUIPlugin:80 - create IPUIPlugin
2026-03-31 21:06:29,603 [INFO] IPUIPlugin:80 - create IPUIPlugin
2026-03-31 21:06:29,603 [INFO] IPUIPlugin:80 - create IPUIPlugin
2026-03-31 21:06:29,603 [INFO] IPUIPlugin:80 - create IPUIPlugin
2026-03-31 21:06:29,603 [INFO] IPUIPlugin:80 - create IPUIPlugin
2026-03-31 21:06:29,605 [INFO] IPUIPlugin:80 - create IPUIPlugin
2026-03-31 21:06:29,605 [INFO] IPUIPlugin:80 - create IPUIPlugin
2026-03-31 21:06:29,605 [INFO] IPUIPlugin:80 - create IPUIPlugin
2026-03-31 21:06:29,605 [INFO] IPUIPlugin:80 - create IPUIPlugin
2026-03-31 21:06:29,605 [INFO] IPUIPlugin:80 - create IPUIPlugin
2026-03-31 21:06:29,606 [INFO] IPUIPlugin:80 - create IPUIPlugin
2026-03-31 21:06:29,606 [INFO] IPUIPlugin:80 - create IPUIPlugin
2026-03-31 21:06:29,607 [INFO] IPUIPlugin:80 - create IPUIPlugin
2026-03-31 21:06:29,607 [INFO] IPUIPlugin:80 - create IPUIPlugin
2026-03-31 21:06:29,609 [INFO] IPUIPlugin:80 - create IPUIPlugin
2026-03-31 21:06:29,609 [INFO] IPUIPlugin:80 - create IPUIPlugin
2026-03-31 21:06:29,610 [INFO] IPUIPlugin:80 - create IPUIPlugin
2026-03-31 21:06:29,610 [INFO] IPUIPlugin:80 - create IPUIPlugin
2026-03-31 21:06:29,610 [INFO] IPUIPlugin:80 - create IPUIPlugin
2026-03-31 21:06:29,610 [INFO] IPUIPlugin:80 - create IPUIPlugin
2026-03-31 21:06:29,611 [INFO] IPUIPlugin:80 - create IPUIPlugin
2026-03-31 21:06:29,611 [INFO] IPUIPlugin:80 - create IPUIPlugin
2026-03-31 21:06:29,611 [INFO] IPUIPlugin:80 - create IPUIPlugin
2026-03-31 21:06:29,611 [INFO] IPUIPlugin:80 - create IPUIPlugin
2026-03-31 21:06:29,612 [INFO] IPUIPlugin:80 - create IPUIPlugin
2026-03-31 21:06:29,612 [INFO] IPUIPlugin:80 - create IPUIPlugin
2026-03-31 21:06:29,637 [INFO] ApiDbMcu:532 - Load IP Config File for PDM2PCM
2026-03-31 21:06:29,692 [WARN] FreeRTOS:1023 - Null or empty value: should not occur! (nothing added to the table)
2026-03-31 21:06:30,062 [INFO] CADModel:165 - CPN selected for project levelSTM32F401CCU6
2026-03-31 21:06:30,062 [INFO] CADModel:114 - Register for checkConnection events
2026-03-31 21:06:30,068 [INFO] RtosManager:728 - Active RTOS found at IOC load: FREERTOS [Cortex-M4NS]
2026-03-31 21:06:30,147 [INFO] OpenFileManager:386 - Restore cursor
2026-03-31 21:06:41,693 [INFO] NvicIntPanel:101 - NVIC parent = com.st.microxplorer.plugins.ip.nvic.MultiNvicIntPanel[,0,0,450x161,layout=javax.swing.BoxLayout,alignmentX=0.0,alignmentY=0.0,border=,flags=9,maximumSize=,minimumSize=,preferredSize=]
2026-03-31 21:06:52,714 [INFO] DmaTabbedPanel:205 - Cannot restore the selected Tab for DMA
2026-03-31 21:09:00,329 [INFO] UtilMem:75 - End SaveConfig() Used Memory: 838681456 Bytes (1073741824)
2026-03-31 21:09:01,521 [INFO] UtilMem:75 - End SaveConfig() Used Memory: 868041584 Bytes (1073741824)
2026-03-31 21:09:03,557 [INFO] UtilMem:75 - End SaveConfig() Used Memory: 911559536 Bytes (1073741824)
2026-03-31 21:09:09,686 [ERROR] ConfigurationRetriever:142 - IOException on connection: Read timed out
2026-03-31 21:09:11,993 [INFO] BlockDiagram:2775 - set Specific Code input for plugin: NVIC
2026-03-31 21:09:11,995 [INFO] BlockDiagram:2775 - set Specific Code input for plugin: FREERTOS
2026-03-31 21:09:11,996 [INFO] BlockDiagram:2775 - set Specific Code input for plugin: USART
2026-03-31 21:09:11,996 [INFO] BlockDiagram:2775 - set Specific Code input for plugin: DMA
2026-03-31 21:09:11,996 [INFO] BlockDiagram:2775 - set Specific Code input for plugin: TIM1_8
2026-03-31 21:09:11,996 [INFO] BlockDiagram:2775 - set Specific Code input for plugin: SYS
2026-03-31 21:09:11,999 [INFO] BlockDiagram:2775 - set Specific Code input for plugin: GPIO
2026-03-31 21:09:11,999 [INFO] BlockDiagram:2775 - set Specific Code input for plugin: RCC
2026-03-31 21:09:12,007 [INFO] CodeGenerator:892 - code generatio: config db path: D:\STM32CubeIDE_1.19.0\STM32CubeIDE\plugins\com.st.stm32cube.common.mx_6.15.0.202507011659\\db\
2026-03-31 21:09:12,319 [INFO] CodeEngine:265 - oldGeneratedFile, D:\VNX-Trainning\DoAnTotNghiep\StepMotor\MXTmpFiles\license.tmp_save
2026-03-31 21:09:12,807 [INFO] CodeEngine:289 - Generated code: D:\VNX-Trainning\DoAnTotNghiep\StepMotor\MXTmpFiles\license.tmp
2026-03-31 21:09:12,881 [INFO] CodeEngine:265 - oldGeneratedFile, D:\VNX-Trainning\DoAnTotNghiep\StepMotor\MXTmpFiles\gpio.tmp_save
2026-03-31 21:09:13,057 [INFO] CodeEngine:289 - Generated code: D:\VNX-Trainning\DoAnTotNghiep\StepMotor\MXTmpFiles\gpio.tmp
2026-03-31 21:09:13,291 [INFO] Middleware:1452 - No code input for Bsp Dependency
2026-03-31 21:09:13,308 [INFO] CodeEngine:265 - oldGeneratedFile, D:\VNX-Trainning\DoAnTotNghiep\StepMotor\MXTmpFiles\rtos_inc.tmp_save
2026-03-31 21:09:13,407 [INFO] CodeEngine:289 - Generated code: D:\VNX-Trainning\DoAnTotNghiep\StepMotor\MXTmpFiles\rtos_inc.tmp
2026-03-31 21:09:13,417 [INFO] CodeEngine:265 - oldGeneratedFile, D:\VNX-Trainning\DoAnTotNghiep\StepMotor\MXTmpFiles\rtos_kernelInit.tmp_save
2026-03-31 21:09:13,501 [INFO] CodeEngine:289 - Generated code: D:\VNX-Trainning\DoAnTotNghiep\StepMotor\MXTmpFiles\rtos_kernelInit.tmp
2026-03-31 21:09:13,511 [INFO] CodeEngine:265 - oldGeneratedFile, D:\VNX-Trainning\DoAnTotNghiep\StepMotor\MXTmpFiles\rtos_kernelStart.tmp_save
2026-03-31 21:09:13,592 [INFO] CodeEngine:289 - Generated code: D:\VNX-Trainning\DoAnTotNghiep\StepMotor\MXTmpFiles\rtos_kernelStart.tmp
2026-03-31 21:09:13,600 [INFO] CodeEngine:265 - oldGeneratedFile, D:\VNX-Trainning\DoAnTotNghiep\StepMotor\MXTmpFiles\rtos_typedefs.tmp_save
2026-03-31 21:09:13,683 [INFO] CodeEngine:289 - Generated code: D:\VNX-Trainning\DoAnTotNghiep\StepMotor\MXTmpFiles\rtos_typedefs.tmp
2026-03-31 21:09:13,691 [INFO] CodeEngine:265 - oldGeneratedFile, D:\VNX-Trainning\DoAnTotNghiep\StepMotor\MXTmpFiles\rtos_vars.tmp_save
2026-03-31 21:09:13,774 [INFO] CodeEngine:289 - Generated code: D:\VNX-Trainning\DoAnTotNghiep\StepMotor\MXTmpFiles\rtos_vars.tmp
2026-03-31 21:09:13,784 [INFO] CodeEngine:265 - oldGeneratedFile, D:\VNX-Trainning\DoAnTotNghiep\StepMotor\MXTmpFiles\rtos_pfp.tmp_save
2026-03-31 21:09:13,863 [INFO] CodeEngine:289 - Generated code: D:\VNX-Trainning\DoAnTotNghiep\StepMotor\MXTmpFiles\rtos_pfp.tmp
2026-03-31 21:09:13,874 [INFO] CodeEngine:265 - oldGeneratedFile, D:\VNX-Trainning\DoAnTotNghiep\StepMotor\MXTmpFiles\rtos_obj_creat.tmp_save
2026-03-31 21:09:13,963 [INFO] CodeEngine:289 - Generated code: D:\VNX-Trainning\DoAnTotNghiep\StepMotor\MXTmpFiles\rtos_obj_creat.tmp
2026-03-31 21:09:13,974 [INFO] CodeEngine:265 - oldGeneratedFile, D:\VNX-Trainning\DoAnTotNghiep\StepMotor\MXTmpFiles\rtos_default_thread.tmp_save
2026-03-31 21:09:14,052 [INFO] CodeEngine:289 - Generated code: D:\VNX-Trainning\DoAnTotNghiep\StepMotor\MXTmpFiles\rtos_default_thread.tmp
2026-03-31 21:09:14,061 [INFO] CodeEngine:265 - oldGeneratedFile, D:\VNX-Trainning\DoAnTotNghiep\StepMotor\MXTmpFiles\rtos_threads.tmp_save
2026-03-31 21:09:14,130 [INFO] CodeEngine:289 - Generated code: D:\VNX-Trainning\DoAnTotNghiep\StepMotor\MXTmpFiles\rtos_threads.tmp
2026-03-31 21:09:14,156 [INFO] Middleware:1452 - No code input for Bsp Dependency
2026-03-31 21:09:14,172 [INFO] CodeEngine:265 - oldGeneratedFile, D:\VNX-Trainning\DoAnTotNghiep\StepMotor\MXTmpFiles\rtos_inc.tmp_save
2026-03-31 21:09:14,252 [INFO] CodeEngine:289 - Generated code: D:\VNX-Trainning\DoAnTotNghiep\StepMotor\MXTmpFiles\rtos_inc.tmp
2026-03-31 21:09:14,269 [INFO] CodeEngine:265 - oldGeneratedFile, D:\VNX-Trainning\DoAnTotNghiep\StepMotor\MXTmpFiles\rtos_kernelInit.tmp_save
2026-03-31 21:09:14,366 [INFO] CodeEngine:289 - Generated code: D:\VNX-Trainning\DoAnTotNghiep\StepMotor\MXTmpFiles\rtos_kernelInit.tmp
2026-03-31 21:09:14,376 [INFO] CodeEngine:265 - oldGeneratedFile, D:\VNX-Trainning\DoAnTotNghiep\StepMotor\MXTmpFiles\rtos_kernelStart.tmp_save
2026-03-31 21:09:14,432 [INFO] CodeEngine:289 - Generated code: D:\VNX-Trainning\DoAnTotNghiep\StepMotor\MXTmpFiles\rtos_kernelStart.tmp
2026-03-31 21:09:14,440 [INFO] CodeEngine:265 - oldGeneratedFile, D:\VNX-Trainning\DoAnTotNghiep\StepMotor\MXTmpFiles\rtos_typedefs.tmp_save
2026-03-31 21:09:14,531 [INFO] CodeEngine:289 - Generated code: D:\VNX-Trainning\DoAnTotNghiep\StepMotor\MXTmpFiles\rtos_typedefs.tmp
2026-03-31 21:09:14,547 [INFO] CodeEngine:265 - oldGeneratedFile, D:\VNX-Trainning\DoAnTotNghiep\StepMotor\MXTmpFiles\rtos_vars.tmp_save
2026-03-31 21:09:14,607 [INFO] CodeEngine:289 - Generated code: D:\VNX-Trainning\DoAnTotNghiep\StepMotor\MXTmpFiles\rtos_vars.tmp
2026-03-31 21:09:14,617 [INFO] CodeEngine:265 - oldGeneratedFile, D:\VNX-Trainning\DoAnTotNghiep\StepMotor\MXTmpFiles\rtos_pfp.tmp_save
2026-03-31 21:09:14,676 [INFO] CodeEngine:289 - Generated code: D:\VNX-Trainning\DoAnTotNghiep\StepMotor\MXTmpFiles\rtos_pfp.tmp
2026-03-31 21:09:14,685 [INFO] CodeEngine:265 - oldGeneratedFile, D:\VNX-Trainning\DoAnTotNghiep\StepMotor\MXTmpFiles\rtos_obj_creat.tmp_save
2026-03-31 21:09:14,747 [INFO] CodeEngine:289 - Generated code: D:\VNX-Trainning\DoAnTotNghiep\StepMotor\MXTmpFiles\rtos_obj_creat.tmp
2026-03-31 21:09:14,757 [INFO] CodeEngine:265 - oldGeneratedFile, D:\VNX-Trainning\DoAnTotNghiep\StepMotor\MXTmpFiles\rtos_default_thread.tmp_save
2026-03-31 21:09:14,814 [INFO] CodeEngine:289 - Generated code: D:\VNX-Trainning\DoAnTotNghiep\StepMotor\MXTmpFiles\rtos_default_thread.tmp
2026-03-31 21:09:14,824 [INFO] CodeEngine:265 - oldGeneratedFile, D:\VNX-Trainning\DoAnTotNghiep\StepMotor\MXTmpFiles\rtos_threads.tmp_save
2026-03-31 21:09:14,884 [INFO] CodeEngine:289 - Generated code: D:\VNX-Trainning\DoAnTotNghiep\StepMotor\MXTmpFiles\rtos_threads.tmp
2026-03-31 21:09:14,894 [INFO] CodeEngine:265 - oldGeneratedFile, D:\VNX-Trainning\DoAnTotNghiep\StepMotor\Core\Inc\FreeRTOSConfig.h_save
2026-03-31 21:09:14,980 [INFO] CodeEngine:289 - Generated code: D:\VNX-Trainning\DoAnTotNghiep\StepMotor\Core\Inc\FreeRTOSConfig.h
2026-03-31 21:09:14,993 [INFO] CodeEngine:265 - oldGeneratedFile, D:\VNX-Trainning\DoAnTotNghiep\StepMotor\Core\Src\freertos.c_save
2026-03-31 21:09:15,074 [INFO] CodeEngine:289 - Generated code: D:\VNX-Trainning\DoAnTotNghiep\StepMotor\Core\Src\freertos.c
2026-03-31 21:09:15,103 [INFO] CodeEngine:265 - oldGeneratedFile, D:\VNX-Trainning\DoAnTotNghiep\StepMotor\MXTmpFiles\dma.tmp_save
2026-03-31 21:09:15,172 [INFO] CodeEngine:289 - Generated code: D:\VNX-Trainning\DoAnTotNghiep\StepMotor\MXTmpFiles\dma.tmp
2026-03-31 21:09:15,178 [INFO] CodeEngine:265 - oldGeneratedFile, D:\VNX-Trainning\DoAnTotNghiep\StepMotor\MXTmpFiles\dma_GV.tmp_save
2026-03-31 21:09:15,232 [INFO] CodeEngine:289 - Generated code: D:\VNX-Trainning\DoAnTotNghiep\StepMotor\MXTmpFiles\dma_GV.tmp
2026-03-31 21:09:15,253 [INFO] CodeEngine:265 - oldGeneratedFile, D:\VNX-Trainning\DoAnTotNghiep\StepMotor\Core\Src\stm32f4xx_it.c_save
2026-03-31 21:09:15,386 [INFO] CodeEngine:289 - Generated code: D:\VNX-Trainning\DoAnTotNghiep\StepMotor\Core\Src\stm32f4xx_it.c
2026-03-31 21:09:15,402 [INFO] CodeEngine:265 - oldGeneratedFile, D:\VNX-Trainning\DoAnTotNghiep\StepMotor\Core\Inc\stm32f4xx_it.h_save
2026-03-31 21:09:15,480 [INFO] CodeEngine:289 - Generated code: D:\VNX-Trainning\DoAnTotNghiep\StepMotor\Core\Inc\stm32f4xx_it.h
2026-03-31 21:09:15,513 [INFO] CodeEngine:265 - oldGeneratedFile, D:\VNX-Trainning\DoAnTotNghiep\StepMotor\Core\Src\stm32f4xx_hal_msp.c_save
2026-03-31 21:09:15,671 [INFO] CodeEngine:289 - Generated code: D:\VNX-Trainning\DoAnTotNghiep\StepMotor\Core\Src\stm32f4xx_hal_msp.c
2026-03-31 21:09:15,684 [INFO] CodeEngine:265 - oldGeneratedFile, D:\VNX-Trainning\DoAnTotNghiep\StepMotor\MXTmpFiles\system.tmp_save
2026-03-31 21:09:15,757 [INFO] CodeEngine:289 - Generated code: D:\VNX-Trainning\DoAnTotNghiep\StepMotor\MXTmpFiles\system.tmp
2026-03-31 21:09:15,776 [INFO] CodeEngine:321 - oldGeneratedFile, D:\VNX-Trainning\DoAnTotNghiep\StepMotor\Core\Inc\stm32f4xx_hal_conf.h_save
2026-03-31 21:09:15,861 [INFO] CodeEngine:345 - Generated code: D:\VNX-Trainning\DoAnTotNghiep\StepMotor\Core\Inc\stm32f4xx_hal_conf.h
2026-03-31 21:09:15,926 [INFO] ApiDbMcu:532 - Load IP Config File for TIM2
2026-03-31 21:09:15,933 [INFO] ApiDbMcu:532 - Load IP Config File for USART2
2026-03-31 21:09:15,939 [INFO] ApiDbMcu:532 - Load IP Config File for RCC
2026-03-31 21:09:15,946 [WARN] IPConfigManager:3811 - IP not found : TIM
2026-03-31 21:09:15,949 [WARN] CodeGenerator:4259 - IP not found : null
2026-03-31 21:09:15,964 [INFO] CodeEngine:265 - oldGeneratedFile, D:\VNX-Trainning\DoAnTotNghiep\StepMotor\Core\Inc\main.h_save
2026-03-31 21:09:16,067 [INFO] CodeEngine:289 - Generated code: D:\VNX-Trainning\DoAnTotNghiep\StepMotor\Core\Inc\main.h
2026-03-31 21:09:16,081 [INFO] CodeEngine:265 - oldGeneratedFile, D:\VNX-Trainning\DoAnTotNghiep\StepMotor\Core\Src\main.c_save
2026-03-31 21:09:16,253 [INFO] CodeEngine:289 - Generated code: D:\VNX-Trainning\DoAnTotNghiep\StepMotor\Core\Src\main.c
2026-03-31 21:09:16,620 [ERROR] ProjectBuilder:7359 - Problem during Copy of File LICENSE.txt
2026-03-31 21:09:16,832 [ERROR] ProjectBuilder:7359 - Problem during Copy of File LICENSE.txt
2026-03-31 21:09:17,299 [INFO] ProjectBuilder:3606 - Time for Copy HAL[1] : 763mS.
2026-03-31 21:09:17,310 [INFO] ProjectBuilder:5216 - Project Generator version: 4.7.0-B52
2026-03-31 21:09:17,515 [INFO] ConfigFileManager:1595 - The Die is : DIE423
2026-03-31 21:09:17,530 [INFO] ApiDbMcu:532 - Load IP Config File for FATFS
2026-03-31 21:09:17,537 [INFO] ApiDbMcu:532 - Load IP Config File for LIBJPEG
2026-03-31 21:09:17,552 [INFO] ApiDbMcu:532 - Load IP Config File for MBEDTLS
2026-03-31 21:09:17,567 [INFO] ApiDbMcu:532 - Load IP Config File for USB_DEVICE
2026-03-31 21:09:17,577 [INFO] ApiDbMcu:532 - Load IP Config File for USB_HOST
2026-03-31 21:09:18,334 [INFO] LogOutputStream:77 - [STDOUT_REDIRECT] 
2026-03-31 21:09:20,239 [INFO] ProjectBuilder:5496 - Time for Generating toolchain IDE Files: 2930mS.
2026-03-31 21:09:20,244 [INFO] ProjectBuilder:3463 - Time for Copy CMSIS : 2mS.
2026-03-31 21:09:20,249 [INFO] ProjectBuilder:3463 - Time for Copy CMSIS : 0mS.
